author,updated_at,like_count,text,video_id,public,language,translated_text,is_relevant,char_count,word_count,sentence_count,TweetNLP,RoBERTa,BERT_NLP,Emotion,Vader
@jdlang2,2024-11-10T07:44:50Z,0,The movie had really slow pacing in the beginning but it gets better.,Et9cKWWZ0LM,True,en,The movie had really slow pacing in the beginning but it gets better.,True,69,13,1,0,1,0,joy,1
@BombadilBeardie,2025-06-07T11:08:00Z,0,Rumi summed it up,NC78S8jNy4g,True,en,Rumi summed it up,True,17,4,0,0,0,0,anticipation,0
@BIGTONKADAN9821,2017-08-04T00:19:11Z,1,"This guy is an idiot. he literally said no emotional drive, are u fucking kidding me. this movie is one of the best i have ever seen, it was the first movie to ever make me cry. i give it a 96/100",BHsFzDON6pA,True,en,"This guy is an idiot. he literally said no themotional drive, are you fucking kidding me. this movie is one of the best i have ever seen, it was the first movie to ever make me cry. i give it a 96/100",True,200,42,3,1,1,1,anger,-1
@apriswajaya,2014-12-08T22:34:49Z,0,"yeap, that is interstellar in a nutshell, if you want to ignore all the complicated physics and visual effects that came with the movie.",qhW1HfSuPVQ,True,en,"yeap, that is interstellar in a nutshell, if you want to ignore all the complicated physics and visual effects that came with the movie.",True,136,24,1,0,-1,-1,anticipation,-1
@natbrownizzle3815,2018-11-21T07:58:28Z,1012,"The Soundtrack of this movie, gets me everytime I watch it. Hans Zimmer created a sound, of absolute desaster and loneliness, as well as helplessness with tiny bits of hope in between.",t6kqaip7WS4,True,en,"The Soundtrack of this movie, gets me everytime I watch it. Hans Zimmer created a sound, of absolute desaster and loneliness, as well as helplessness with tiny bits of hope in between.",True,184,32,2,1,0,1,sadness,0
@dancash2277,2019-09-19T17:44:02Z,0,Awesome movie,NXhdt1R6TYE,True,en,Awesome movie,True,13,2,0,1,1,1,joy,1
@humans_being-k3j,2026-02-22T09:16:52Z,1,നോളൻ ചില്ലറപുള്ളി അല്ല 🙏🏻,VSuF_hK3qMI,True,ml,Nolan isn’t a petty guy 🙏🏻,True,26,6,0,0,1,-1,anger,-1
@AbzDahMan,2014-11-05T12:32:41Z,0,"Awesome, I'm gna check it out this weekend! Also Chris, can you please check out Avatar : The Last Airbender?",BHsFzDON6pA,True,en,"Awesome, I am gna check it out this weekend! Also Chris, can you please check out Avatar : The Last Airbender?",True,110,21,2,1,1,1,joy,1
@ravenvoldy7654,2020-07-02T02:01:18Z,1,The future people created 5th dimension in black hole,1w_DVgaDQ_g,True,en,The future people created 5th dimension in black hole,True,53,9,0,0,0,1,anticipation,1
@Hans_Hamon,2022-11-24T10:54:33Z,1,And… I am STILL confused. lol…,j3DuONZb3Ik,True,en,And… I am STILL confused. laughing out loud…,True,44,8,1,0,-1,1,joy,1
@KentckyFriedChildren,2024-10-11T19:46:18Z,0,"I didn't feel like it was too long, then again I didn't really feel like The Irishman was too long either. If a movie is good, you get so invested in it that you never even notice the length.",Et9cKWWZ0LM,True,en,"I did not feel like it was too long, then again I did not really feel like The Irishman was too long either. If a movie is good, you get so invested in it that you never even notice the length.",True,193,41,2,0,0,0,anticipation,-1
@SarahShang-p7q,2025-11-26T05:44:08Z,0,I hope that station they made was vaporized by aliens and they all wiped out That daughter was so annoying the hero guy was cool but the daughter and that station they belt I hope a starship fired photon torpoedo at it and blew it up,5I8YSiSp8rc,True,en,I hope that station they made was vaporized by aliens and they all wiped out That daughter was so annoying the hero guy was cool but the daughter and that station they belt I hope a starship fired photon torpoedo at it and blew it up,True,233,46,0,0,-1,-1,anger,1
@henno6207,2020-09-20T20:15:52Z,0,We do not invent the tesseract. We are it. It is a representation of the fundamental nature of reality. It is love.,t6kqaip7WS4,True,en,We do not invent the tesseract. We are it. It is a representation of the fundamental nature of reality. It is love.,True,115,22,4,0,1,1,joy,1
@WeimaranersAreTheBest,2021-10-21T02:46:00Z,1,Killer flick,j3DuONZb3Ik,True,sv,Killer flick.,True,13,2,1,0,0,-1,fear,-1
@ZackMoh-nd5bo,2025-03-17T18:59:49Z,0,Legend of a movie. Perfection in many ways!,Et9cKWWZ0LM,True,en,Legend of a movie. Perfection in many ways!,True,43,8,2,1,1,1,joy,1
@ingolfurarnar697,2021-09-19T01:39:45Z,0,I was shocked when I saw the blackhole scene for the first time because I had experieced a VERY similar thing on a powerful dmt trip. But I got to see a place (a kitchen) from another lifetime. And I saw it very much like the character in the movie.,t6kqaip7WS4,True,en,I was shocked when I saw the blackhole scene for the first time because I had experieced a VERY similar thing on a powerful dmt trip. But I got to see a place (a kitchen) from another lifetime. And I saw it very much like the character in the movie.,True,249,50,3,1,1,1,joy,1
@TheRealTrevorRichards,2024-09-18T09:03:34Z,0,Man I love this movie😢,CQpTKQloHuI,True,en,Man I love this movie😢,True,22,5,0,1,1,1,joy,1
@stephenmata1821,2024-04-23T17:40:01Z,0,"I saw this differently. I saw the loving those around us, individually, and working toward our self-interest actually does more for our family, community, country and world, than caring for all. We lose the focus when our aim is to all-encompassing ""Safe the World"" mission because the mission becomes more important than the individual. That is how communism has lead to the deaths of millions. It was for the greater cause.",kcVdY-PKHdk,True,en,"I saw this differently. I saw the loving those around us, individually, and working toward our self-interest actually does more for our family, community, country and world, than caring for all. We lose the focus when our aim is to all-encompassing ""Safe the World"" mission because the mission becomes more important than the individual. That is how communism has lead to the deaths of millions. It was for the greater cause.",True,425,71,5,0,-1,-1,optimism,1
@TheSuperappelflap,2018-08-15T15:35:00Z,0,Real explanation: the ending is sentimental bullshit that has no basis in any scientific theory. MUUUUUURPH!!!,NXhdt1R6TYE,True,en,Real explanation: the ending is sentimental bullshit that has no basis in any scientific theory. MUUUUUURPH!!!,True,110,16,2,0,-1,-1,anger,-1
@mangosnack,2014-11-09T16:33:46Z,0,anybody else noticed a squirrel when he was talking about the embryos? CONFIRMED: Squirrel Girl,qhW1HfSuPVQ,True,en,anybody else noticed a squirrel when he was talking about the thembryos? CONFIRMED: Squirrel Girl,True,97,15,1,0,0,-1,anticipation,0
@noppynorthside215,2017-04-21T09:12:05Z,0,pretty sure people will comment people who hate interstellar cant understand the movie,BHsFzDON6pA,True,en,pretty sure people will comment people who hate interstellar cant understand the movie,True,86,13,0,0,-1,1,anger,1
@mordierenokse,2018-01-18T10:07:57Z,0,What? Am I the only one who thinks this movie is utter garbage? Oh well..,BHsFzDON6pA,True,en,What? Am I the only one who thinks this movie is utter garbage? Oh well..,True,73,15,3,0,-1,-1,disgust,1
@destyrian,2021-08-20T17:50:51Z,2,"Wait a minute, regarding your comments about the mass of the planet - I think in the movie it's established that Miller's planet is slightly more massive than Earth and that it's because they are deep within the gravity well of Gargantua, which is the cause of the time dilation. Isn't that correct? They are not limited by Miller's mass or, more specifically, effect on space time, as Gargantua's effect on space time is far more dominant. They don't explicitly state Gargantua's mass if I remember correctly, so it can have whatever effect on time dilation as they want. I think it holds up.",JqKa6qyVYgg,True,en,"Wait a minute, regarding your comments about the mass of the planet - I think in the movie it is established that Miller's planet is slightly more massive than Earth and that it is because they are deep within the gravity well of Gargantua, which is the cause of the time dilation. is not that correct? They are not limited by Miller's mass or, more specifically, effect on space time, as Gargantua's effect on space time is far more dominant. They do not explicitly state Gargantua's mass if I rthemthember correctly, so it can have whatever effect on time dilation as they want. I think it holds up.",True,601,108,5,0,0,0,anticipation,1
@ntokozohadebe,2022-02-13T12:42:19Z,1,Difficult movie to watch …emotionally,JqKa6qyVYgg,True,en,Difficult movie to watch …themotionally,True,39,5,0,0,-1,-1,fear,-1
@AngelCepeda-xi2lv,2025-07-24T05:29:11Z,0,But what about the wormhole closes or disappears before humanity can go through it 🤔,5I8YSiSp8rc,True,en,But what about the wormhole closes or disappears before humanity can go through it 🤔,True,84,15,0,0,0,0,anticipation,-1
@kustomkure,2014-11-17T06:20:52Z,0,Actually everything you said I understood. But I still kind of didn't get it at all. Ever since Dark Knight Rises Nolan developed a weird troubling habit of not explaining shit in his movies. It makes the whole movie fall apart.,qhW1HfSuPVQ,True,en,Actually everything you said I understood. But I still kind of did not get it at all. Ever since Dark Knight Rises Nolan developed a weird troubling habit of not explaining shit in his movies. It makes the whole movie fall apart.,True,229,42,4,0,-1,-1,disgust,-1
@benbleed,2018-11-08T12:21:04Z,1,"""At her urging, he decides to take a shit..."" That puzzled the hell out of me for a moment there.",NXhdt1R6TYE,True,en,"""At her urging, he decides to take a shit..."" That puzzled the hell out of me for a moment there.",True,97,20,2,0,-1,-1,disgust,-1
@FRENETIC11,2024-12-04T17:05:14Z,0,"Neil has a rep of interrupting people, but I think he knows when to listen if he thinks the person he is talking to can contribute or actually teach him something, those who deserve the attention.",4f9V-8BHONo,True,en,"Neil has a to represent of interrupting people, but I think he knows when to listen if he thinks the person he is talking to can contribute or actually teach him something, those who deserve the attention.",True,205,37,1,0,0,0,anticipation,-1
@OldManRocketLeague,2020-04-03T09:35:49Z,0,I don't understand the paradox. The future humans got to where they are on their own. Why would they have to meddle with dimensions if they were already there? Doesn't make sense.,j3DuONZb3Ik,True,en,I do not understand the paradox. The future humans got to where they are on their own. Why would they have to meddle with dimensions if they were already there? does not make sense.,True,181,34,4,0,-1,-1,disgust,1
@davidsmith-vq2fh,2019-02-14T21:21:49Z,0,"This is some mind blowing shit,I watched the black hole scene and I just couldn't take my eyes off my t v ,it just terrifying and so beautiful, what great movie scene, but this what really want to know were the brothers at in this movie ( no samuel Jackson).",NXhdt1R6TYE,True,en,"This is some mind blowing shit,I watched the black hole scene and I just could not take my eyes off my t v ,it just terrifying and so beautiful, what great movie scene, but this what really want to know were the brothers at in this movie ( no samuel Jackson).",True,259,51,1,0,1,1,fear,1
@JERTYzZ,2023-04-19T01:24:46Z,0,interstellar is just goat…,ASkz5prADQA,True,de,Interstellar is just the GOAT…,True,30,5,0,1,-1,1,joy,0
@christopherevansanders3629,2022-05-26T09:51:19Z,1,Time doesn't slow down time as a measurement is constant what is affected is the matter that your device your using to tell time is slowed not time,JqKa6qyVYgg,True,en,Time does not slow down time as a measurthement is constant what is affected is the matter that your device your using to tell time is slowed not time,True,150,29,0,0,0,0,disgust,-1
@arjunts4961,2022-10-14T07:00:13Z,1,Enthonadei ith 🥲,VSuF_hK3qMI,True,st,What is this 🥲,True,14,4,0,0,1,1,sadness,0
@tomwilliams589,2014-11-16T11:08:11Z,0,why was there dust in the first place,qhW1HfSuPVQ,True,en,why was there dust in the first place,True,37,8,0,0,-1,-1,disgust,0
@nicholasonciul5770,2019-01-15T04:47:07Z,0,Unpopular Opinion: this is by far my least favourite Nolan film. It’s still good. Probably 3 1/2 out of 5. But i have a lot of problems with the third act and I think it’s overly long.,BHsFzDON6pA,True,en,Unpopular Opinion: this is by far my least favourite Nolan film. It’s still good. Probably 3 1/2 out of 5. But i have a lot of problthems with the third act and I think it’s overly long.,True,186,37,4,0,-1,0,joy,1
@YourMom-yg1yw,2020-10-07T01:16:02Z,0,"How does this not create a time loop, going back and interacting with the past just so that past can do the same?",j3DuONZb3Ik,True,en,"How does this not create a time loop, going back and interacting with the past just so that past can do the same?",True,113,23,1,0,0,-1,disgust,-1
@aftrdvsk,2023-07-20T18:02:02Z,2,"""There is A Moment"" - Famous last words by Mann Damon",zBNKrja8dyY,True,en,"""There is A Moment"" - Famous last words by Mann Damon",True,53,11,0,1,0,1,optimism,0
@leyaalbin9433,2022-10-25T15:46:37Z,22,"In my vision it's not one of the best,it's the one best movie experience in my life.interstellar🖤",VSuF_hK3qMI,True,en,"In my vision it is not one of the best,it is the one best movie experience in my life.interstellar🖤",True,99,19,1,1,1,1,joy,1
@Wampyjedi,2020-03-29T07:37:47Z,0,I freakin love this movie,j3DuONZb3Ik,True,en,I freakin love this movie,True,25,5,0,1,1,1,joy,1
@Aryan-rx9rl,2021-08-13T17:30:43Z,2,bro i was watching this video and thought you had millions of subs considering the video quality. But I'm surprised you only have 1.6 k. Just keep making high quality content like this and you'll certainly gain subs!,JqKa6qyVYgg,True,en,brother i was watching this video and thought you had millions of subs considering the video quality. But I am surprised you only have 1.6 ok. Just keep making high quality content like this and you will certainly gain subs!,True,224,40,4,1,1,1,joy,1
@wildasm16,2021-04-12T15:49:13Z,2,എനിക്കൊരു സംശയം നമ്മളെ time സ്പീഡിൽ പോന്നത് പോലെ തോന്നുന്നു,dMl_GhbcP0c,True,et,"I have a doubt, does not it feel like we traveled at time speed?",True,64,14,1,0,0,0,anticipation,-1
@theCommentortator,2024-01-13T15:58:26Z,0,This guy doesnt even know how many genders there are. Ill give you a hint there are 2,R1cexcjdyIE,True,en,This guy doesnt even know how many genders there are. Ill give you a hint there are 2,True,85,18,1,0,-1,-1,anger,-1
@Zglavo,2026-01-29T16:13:19Z,8,"My daughter was the age of Murf when I first saw this movie, she has always been the best in her class in mathematics and science, as Murf, and I love her more than anything, together with my son of course. When I see this movie, I'm Cooper, as a father and an engineer. No other movie had such an effect on me!",D09sle7hgWw,True,en,"My daughter was the age of Murf when I first saw this movie, she has always been the best in her class in maththematics and science, as Murf, and I love her more than anything, together with my son of course. When I see this movie, I am Cooper, as a father and an engineer. No other movie had such an effect on me!",True,314,64,3,1,1,1,joy,1
@kronickintrovert,2024-09-09T15:32:41Z,0,i think this was the best movie i ever saw...kinda wish i waited another 34 yrs to watch it..,BHsFzDON6pA,True,en,i think this was the best movie i ever saw...kind of wish i waited another 34 years to watch it..,True,97,20,2,1,1,1,joy,1
@stevengilstrap89sg,2026-03-05T12:01:58Z,0,Post Hoc rationalization,9YBpOBIsZoc,True,la,Post Hoc rationalization,True,24,3,0,0,0,0,anger,0
@exildur,2017-04-27T13:03:13Z,305,"This has to be the best analysis of this film I will ever see. You have earned this subscription, LSOO. Please continue to bring us such wonderful videos.",t6kqaip7WS4,True,en,"This has to be the best analysis of this film I will ever see. You have earned this subscription, LSOO. Please continue to bring us such wonderful videos.",True,154,28,3,1,1,1,joy,1
@JamieTheGamer,2014-11-09T07:58:35Z,0,A few things I was confused about: Why was Matt Damon super motivated to kill everyone? Why was Matthew able to hear that guys voice in the 5th dimension thing towards the end?,qhW1HfSuPVQ,True,en,A few things I was confused about: Why was Matt Damon super motivated to kill everyone? Why was Matthew able to hear that guys voice in the 5th dimension thing towards the end?,True,176,33,2,0,-1,0,disgust,-1
@colbancassian127,2020-09-01T11:39:39Z,0,Movie was good up until the point of the love argument. The ending was lazy as well and everyone orgasms collectively about a god-damned paradox.,j3DuONZb3Ik,True,en,Movie was good up until the point of the love argument. The ending was lazy as well and everyone orgasms collectively about a god-damned paradox.,True,145,25,2,0,0,-1,joy,1
@syahrul.66,2022-12-12T14:13:41Z,0,top 3 movies of all time for me & top 3 score of all time,zBNKrja8dyY,True,en,top 3 movies of all time for me & top 3 score of all time,True,57,15,0,1,1,1,joy,1
@sreejithsreejithp7686,2021-03-25T21:11:24Z,0,👍👍👍👍supper bro,VSuF_hK3qMI,True,da,"👍👍👍👍 Super, brother!",True,20,3,1,1,1,1,joy,1
@Bleed1ingEdge,2024-07-21T16:36:31Z,0,This film is not long at all,Et9cKWWZ0LM,True,en,This film is not long at all,True,28,7,0,0,-1,-1,disgust,0
@Indi_On_A_Jones,2020-01-17T05:56:14Z,0,That was fucking beautiful. Like I cried kind of beautiful.,t6kqaip7WS4,True,en,That was fucking beautiful. Like I cried kind of beautiful.,True,59,10,2,1,1,0,joy,1
@kamalanellaiappan2773,2019-12-28T05:27:44Z,1,Best video 👌of Mr. Gk,4-6zBotsi-s,True,nb,Best video 👌 of Mr. Gk.,True,23,6,2,1,1,1,joy,1
@ButHerMama,2022-05-28T02:32:13Z,0,This guy is a phony,R1cexcjdyIE,True,xh,This guy is a phony,True,19,5,0,0,-1,-1,anger,0
@RH-bd5qe,2026-05-08T01:18:18Z,1,Eeaaauuuggghhhhh!!,4f9V-8BHONo,True,en,Eeaaauuuggghhhhh!!,True,18,1,1,1,1,-1,joy,0
@santbaksh.kundal_NDA,2025-08-16T03:02:20Z,0,Explanation 🗿 Understanding 🤡,NC78S8jNy4g,True,en,Explanation 🗿 Understanding 🤡,True,29,4,0,0,0,1,optimism,0
@alldy7836,2020-04-19T07:32:56Z,0,It sounds awesome but I'm too stupid for this.. gues I gotta watch it again for the 13th times now,j3DuONZb3Ik,True,en,It sounds awesome but I am too stupid for this.. gues I got to watch it again for the 13th times now,True,100,22,1,1,-1,-1,joy,-1
@Eion4089,2022-01-20T22:51:07Z,2,More than 30 time,VSuF_hK3qMI,True,en,More than 30 time,True,17,4,0,0,0,1,anticipation,0
@poopguyfoodplace,2021-02-18T22:19:30Z,0,"I don’t understand how this movie is confusing at all, if you pay attention it is all laid out in front of you.",j3DuONZb3Ik,True,en,"I denial of normal’t understand how this movie is confusing at all, if you pay attention it is all laid out in front of you.",True,124,25,1,0,-1,-1,disgust,-1
@docsavage6577,2021-08-22T06:29:23Z,0,I think time dilation is a mass hallucination that has never been proven to exist.,JqKa6qyVYgg,True,en,I think time dilation is a mass hallucination that has never been proven to exist.,True,82,15,1,0,-1,-1,anticipation,0
@joeredfield979,2019-11-04T23:34:04Z,0,great video sir. Makes you appreciate what good cinema can do.,t6kqaip7WS4,True,en,great video sir. Makes you appreciate what good cinthema can do.,True,64,11,2,1,1,1,joy,1
@ninelaaa,2024-08-30T12:18:41Z,0,One of the worst sci fi ive watched..everything is copied music script ...the dialigues in first hour are cringy,Et9cKWWZ0LM,True,en,One of the worst sci fi i have watched..everything is copied music script ...the dialigues in first hour are cringy,True,115,20,2,0,-1,-1,anger,-1
@Thanithuvamanavan,2019-12-28T14:37:13Z,1,Interstellar பற்றி இப்படி ஒரு விளக்கம் இதுவரை யாரும் கூறியதாக தெரியவில்லை...,4-6zBotsi-s,True,ta,I have not heard anyone explain Interstellar like this so far...,True,64,11,1,0,-1,1,anticipation,1
@bmcerlean42,2021-09-21T19:15:00Z,0,Surprised he didn't ask about his son.,j3DuONZb3Ik,True,en,Surprised he did not ask about his son.,True,39,8,1,0,0,0,surprise,1
@stateofdisorder1,2018-07-26T12:39:18Z,0,Thank you for this. Once he entered the worm hole I was lost as hell,NXhdt1R6TYE,True,en,Thank you for this. Once he entered the worm hole I was lost as hell,True,68,15,1,0,0,1,joy,-1
@devanshusharma7118,2020-03-11T08:47:49Z,0,"Interwoven with emotions and mindfucking science, this movie never cease to amaze me.",j3DuONZb3Ik,True,en,"Interwoven with themotions and mindfucking science, this movie never cease to amaze me.",True,87,13,1,1,1,1,joy,-1
@blakejones5903,2025-12-31T03:15:05Z,123,This movie changed me as a person. I can remember watching it on my own 4 nights in a row when it first came out. At the time I was single and was so taken back at the power of love between a parent and child. Something I hadn’t experienced myself as a child. Recently I watched again now being a father of 2 this movie strikes a deeper cord in me. The fight of doing what you can for your children’s future at the cost of everything you hold so dear as a parent. I am so thankful for this movie and especially the end send where he knew! she wouldn’t forget the watch….How do you know? “Because I gave it to her”,iWrFVvEgFYI,True,en,This movie changed me as a person. I can rthemthember watching it on my own 4 nights in a row when it first came out. At the time I was single and was so taken back at the power of love between a parent and child. Something I hadn’t experienced myself as a child. Recently I watched again now being a father of 2 this movie strikes a deeper cord in me. The fight of doing what you can for your children’s future at the cost of everything you hold so dear as a parent. I am so thankful for this movie and especially the end send where he knew! she wouldn’t forget the watch….How do you know? “Because I gave it to her”,True,617,124,9,1,1,1,joy,1
@imtherealbob,2021-12-05T05:29:17Z,1,I’m Commander Shepard and this is my favorite channel on YouTube.,JqKa6qyVYgg,True,en,I’am Commander Shepard and this is my favorite channel on YouTube.,True,66,11,1,1,1,1,joy,1
@D_Rock2023,2025-02-19T19:13:41Z,0,never cease to amaze. Bravo.,ASkz5prADQA,True,en,never cease to amaze. Bravo.,True,28,5,2,1,1,1,joy,-1
@schetan006,2021-11-01T14:59:44Z,0,well done neil👍🏻 your explaination makes my head goes into tesseract like butter on hot pan.,R1cexcjdyIE,True,en,well done neil👍🏻 your explaination makes my head goes into tesseract like butter on hot pan.,True,92,16,1,1,1,1,joy,1
@clausvonstauffenberg1430,2021-04-01T08:59:24Z,2,Bro bakki vennam please,dMl_GhbcP0c,True,lg,"brother, I need the rest please.",True,32,6,1,0,0,0,sadness,1
@tomrohan8480,2024-06-23T09:13:47Z,5,Woww mention of a Indian Airforce surveillance drone from Delhi mission control in a Hollywood block buster.. Indians be proud❤ Jaihind 🇮🇳,QBSw8nSVpmI,True,en,Woww mention of a Indian Airforce surveillance drone from Delhi mission control in a Hollywood block buster.. Indians be proud❤ Jaihind 🇮🇳,True,138,22,1,1,1,-1,joy,1
@nyxqu6650,2022-01-14T15:53:54Z,1,havent finished the video but it wont work cause being in a gravitiational field like this would rip you apart. Planet in this distance to a black hole also not possible i think. And the planet is to slow to get a time dilation. I always hated this scene about the movie.Also that the astronaut who is in the same gravitational field has aged. Just a theory of mine and what i have understood about relativity.,JqKa6qyVYgg,True,en,havent finished the video but it wont work cause being in a gravitiational field like this would rip you apart. Planet in this distance to a black hole also not possible i think. And the planet is to slow to get a time dilation. I always hated this scene about the movie.Also that the astronaut who is in the same gravitational field has aged. Just a theory of mine and what i have understood about relativity.,True,410,76,6,0,-1,-1,anger,-1
@peacewarlord,2014-11-06T23:49:07Z,0,"I'm not Nolan fanboy, I don't have favorite director... but this movie... oh, it was marvelous! I knew it was going to be a huge and hyped movie because of Nolan past success, and I was expected a lot... got much more than that. This movie is by far best experience I have experienced in my life. Almost 3 hours long but didn't bore me for a second, I feel connected to main characters... damn even for that robot. The movie surprised me with few sudden turnaround that left me shocked and amazed in the same time. The soundtrack... that was just, oh... connected the movie and me on that emotional level, just perfect! To be honest this movie has a few flaws, but at the end those good things in the movie was soooooo good that I forgot about those little flaws...damn, I broke at the end of the movie and start crying in full theater, part because of that character connection, and part because I was amazed by the movie! The overall experience is something I cannot describe, I just know this is 3 hours I will never forget for the rest of my life.",BHsFzDON6pA,True,en,"I am not Nolan fanboy, I do not have favorite director... but this movie... oh, it was marvelous! I knew it was going to be a huge and hyped movie because of Nolan past success, and I was expected a lot... got much more than that. This movie is by far best experience I have experienced in my life. Almost 3 hours long but did not bore me for a second, I feel connected to main characters... damn even for that robot. The movie surprised me with few sudden turnaround that left me shocked and amazed in the same time. The soundtrack... that was just, oh... connected the movie and me on that themotional level, just perfect! To be honest this movie has a few flaws, but at the end those good things in the movie was soooooo good that I forgot about those little flaws...damn, I broke at the end of the movie and start crying in full theater, part because of that character connection, and part because I was amazed by the movie! The overall experience is something I cannot describe, I just know this is 3 hours I will never forget for the rest of my life.",True,1056,200,15,1,1,1,joy,1
@ss_avsmt,2022-01-25T08:26:35Z,1,All you said was that time passed differently in Interstellar was becasue of time dilation because of gravity and special relativity. This isn't what the title of the video says. I thought you would at least explain how the black hole influenced that (apart from the fact that it was massive); that how massive objects affect clocks; that how much orbital velocity the miller's planet would have to have to produce such significant factors of time dilation.,JqKa6qyVYgg,True,en,All you said was that time passed differently in Interstellar was becasue of time dilation because of gravity and special relativity. This is not what the title of the video says. I thought you would at least explain how the black hole influenced that (apart from the fact that it was massive); that how massive objects affect clocks; that how much orbital velocity the miller's planet would have to have to produce such significant factors of time dilation.,True,458,78,3,0,0,-1,anticipation,1
@manvites,2024-09-30T13:06:09Z,0,Bold assumption there. Never seen it,JZ9qjB2PVuE,True,en,Bold assumption there. Never seen it,True,36,6,1,0,-1,1,anticipation,1
@writerseye,2024-12-08T20:47:33Z,0,"As scientific as we want it to look, it is still 99.9% speculative. But we do have the best imaginations in this galactic sector... so there's that.",4f9V-8BHONo,True,en,"As scientific as we want it to look, it is still 99.9% speculative. But we do have the best imaginations in this galactic sector... so there is that.",True,149,28,4,0,1,0,optimism,1
@aminebentiss9269,2021-10-11T09:17:41Z,0,"""no emotional push"" ?? ok... , pls push dislike button",BHsFzDON6pA,True,en,"""no themotional push"" ?? okay... , please push dislike button",True,61,10,2,0,-1,-1,anger,1
@phadrus,2023-07-26T13:43:00Z,0,So it’s mediocre. Imagine how many houseless people could be fed instead of making a movie like this that no one needs.,XiDFc5aIqFg,True,en,So it’s mediocre. Imagine how many houseless people could be fed instead of making a movie like this that no one needs.,True,119,22,2,0,-1,-1,anger,1
@gentle_singularity,2021-12-08T01:33:12Z,0,"So as we get older (and taller), time moves more quickly for us because we are further away from the earth's surface? Lol I'm just kidding but seriously, this is a really good video explaining time dilation.",JqKa6qyVYgg,True,en,"So as we get older (and taller), time moves more quickly for us because we are further away from the earth's surface? laughing out loud I am just kidding but seriously, this is a really good video explaining time dilation.",True,222,40,2,1,1,1,joy,1
@maya07990,2022-01-31T15:51:24Z,3,Great bro...!!❤️You need a great appreciation for making this kind of fantastic vedios🔥I appreciate your efforts behind these kind of Vedios... 🤝🔥,dMl_GhbcP0c,True,en,Great brother...!!❤️You need a great appreciation for making this kind of fantastic vedios🔥I appreciate your efforts behind these kind of Vedios... 🤝🔥,True,150,22,2,1,1,1,joy,1
@FrozenSnowman27836,2025-06-06T19:38:27Z,0,I might be dumb here but I felt that humans somehow built a device similar to Contact but instead of a Decahedron sphere it's an Einstein-Rosen Bridge leading into a 5 Dimensional Tesseract,ASkz5prADQA,True,en,I might be dumb here but I felt that humans somehow built a device similar to Contact but instead of a Decahedron sphere it is an Einstein-Rosen Bridge leading into a 5 Dimensional Tesseract,True,190,34,0,0,0,0,anticipation,-1
@akashkumaran5956,2019-06-18T14:37:44Z,0,Nolan movies download cheyyan pattiye site name parayamo?,qOngRXgUTN4,True,tr,Can you name a site to download Nolan movies?,True,45,9,1,0,0,-1,anticipation,0
@josephlathrop1914,2022-12-26T23:57:16Z,0,you Missed that Murphy's Law DOESN'T Meen What can go Wrong Will go wrong it means What can happen Will Happen,zBNKrja8dyY,True,en,you Missed that Murphy's Law does not Meen What can go Wrong Will go wrong it means What can happen Will Happen,True,111,22,0,0,-1,-1,anticipation,-1
@HighFlyingEYE,2023-04-07T20:29:17Z,0,interstellar is one of the great movies ever made FACT!!!,ASkz5prADQA,True,en,interstellar is one of the great movies ever made FACT!!!,True,57,10,1,1,1,1,joy,1
@jlo1195,2022-04-15T07:56:41Z,1,Time effects differently when you're not on planet Earth....the atmospherics pressure and the motions the Earth movies...all affects how time is measured thru our prospective,JqKa6qyVYgg,True,en,Time effects differently when you are not on planet Earth....the atmospherics pressure and the motions the Earth movies...all affects how time is measured through our prospective,True,178,26,2,0,0,1,anticipation,-1
@selfhosted_sg,2025-02-16T10:28:50Z,1,I am buying that book now,4f9V-8BHONo,True,en,I am buying that book now,True,25,6,0,1,1,1,joy,0
@TheManCybo,2020-10-10T23:22:32Z,6,"There's a big problem with time. It doesn't exist, it's a human construct to make it easier comprehend our memories. A clock, atomic or mechanical isn't a prove time exist. About relativity where fast moving objects are slower in time, measured with a clock, it can be explained: For this to work, the speed of the moving object must be very high. In experiments with satellites which have atomic clocks synchronized with the same ones on earth, they showed to be slower for a few seconds in a period of an year. The measurement of the clocks are no prove time exist, it proves only a difference between the two of them. Why? Gravity and speed. All objects moving with high speed are getting inert. But earths gravity is pulling the material structure of the clock on the satellite while it's traveling ca. 20 km per second. this is what slowing material down. This applies also for very high speed, linear traveling trough the universe, gravity is everywhere. Ever rotating on a playground on those round platforms with handles? With enough speed you couldn't even move your hand to the center of the platform - the kinetic energy of the spinning is pulling you away from the center, so material is getting inert, lazy. The satellite is also spinning around earth, plus the gravity of it: 2 forces - centrifugal and gravity pulling from earth. Imagine how it works with stars and galaxies. But time doesn't exist. If time would exist, science would find a way to catch it, to establish a timeline. Imagine our present moment makes a never ending imprint in something like timeline, of course, no future yet - it simply didn't happened yet. So, science must be able to enter this timeline at any past point in it, like with a time machine. But if it would be possible, they would jump in a point of the timeline which is frozen till the moment they jump in. At this point, they should move forward in the timeline. It's practically in every movie. Does this means, all past timeline is frozen, until time travelers enter? Or is every moment (what is a moment, how long is it?) in constant loop? The problem with this movie is, mankind could never get to the future without installing the wormhole. The wormhole is allegedly the reason that mankind exist in the future. So, for mankind to get to its future, it would have to preinstall the wormhole in the present to get to the future. One could say, they got away from earth with the missing data about anti gravity and got to the 3 planets. Still, how could they install the wormhole to get to those planets, since the future is established only with the existing of the wormhole? There is simply now way to get to future without setting the wormhole in the present. And this couldn't be done by humanity, this future never happened.",j3DuONZb3Ik,True,en,"there is a big problthem with time. It does not exist, it is a human construct to make it easier comprehend our mthemories. A clock, atomic or mechanical is not a prove time exist. About relativity where fast moving objects are slower in time, measured with a clock, it can be explained: For this to work, the speed of the moving object must be very high. In experiments with satellites which have atomic clocks synchronized with the same ones on earth, they showed to be slower for a few seconds in a period of an year. The measurthement of the clocks are no prove time exist, it proves only a difference between the two of ththem. Why? Gravity and speed. All objects moving with high speed are getting inert. But earths gravity is pulling the material structure of the clock on the satellite while it is traveling ca. 20 kiss me per second. this is what slowing material down. This applies also for very high speed, linear traveling trough the universe, gravity is everywhere. Ever rotating on a playground on those round platforms with handles? With enough speed you could not even move your hand to the center of the platform - the kinetic energy of the spinning is pulling you away from the center, so material is getting inert, lazy. The satellite is also spinning around earth, plus the gravity of it: 2 forces - centrifugal and gravity pulling from earth. Imagine how it works with stars and galaxies. But time does not exist. If time would exist, science would find a way to catch it, to establish a timeline. Imagine our present moment makes a never ending imprint in something like timeline, of course, no future yet - it simply did not happened yet. So, science must be able to enter this timeline at any past point in it, like with a time machine. But if it would be possible, they would jump in a point of the timeline which is frozen till the moment they jump in. At this point, they should move forward in the timeline. it is practically in every movie. Does this means, all past timeline is frozen, until time travelers enter? Or is every moment (what is a moment, how long is it?) in constant loop? The problthem with this movie is, mankind could never get to the future without installing the wormhole. The wormhole is allegedly the reason that mankind exist in the future. So, for mankind to get to its future, it would have to preinstall the wormhole in the present to get to the future. One could say, they got away from earth with the missing data about anti gravity and got to the 3 planets. Still, how could they install the wormhole to get to those planets, since the future is established only with the existing of the wormhole? There is simply now way to get to future without setting the wormhole in the present. And this could not be done by humanity, this future never happened.",True,2809,508,34,0,0,-1,anticipation,1
@Moorak,2020-04-24T11:26:40Z,1,Who buried Edmunds? 😂,j3DuONZb3Ik,True,en,Who buried Edmunds? 😂,True,21,4,1,0,0,-1,sadness,1
@rtj6874,2024-12-04T03:02:32Z,0,"Follow on question: How can they be sure that they didn't take the blight with them, like invasive species, ant, rabbits, kudzu etc?",4f9V-8BHONo,True,en,"Follow on question: How can they be sure that they did not take the blight with ththem, like invasive species, ant, rabbits, kudzu etc?",True,135,24,1,0,-1,0,disgust,1
@azmatmba,2014-12-04T15:53:22Z,0,So cool he is sexy smart,R1cexcjdyIE,True,en,So cool he is sexy smart,True,24,6,0,1,1,1,joy,1
@kukki2107,2022-10-27T16:12:53Z,0,"So you're telling me.. imagine that we can contact a person in that same planet in interstellar. Communicate with them for one hour.. it will pass 1 hour for them while on the communication device, but it will be 7 years for us with the same device talking to them? I'm confused sorry, I got a pea brain.",JqKa6qyVYgg,True,en,"So you are telling me.. imagine that we can contact a person in that same planet in interstellar. Communicate with ththem for one hour.. it will pass 1 hour for ththem while on the communication device, but it will be 7 years for us with the same device talking to ththem? I am confused sorry, I got a pea brain.",True,312,60,5,0,-1,-1,anticipation,-1
@kill_rozainofficial4966,2019-08-03T09:05:26Z,51,"Wow Chris, I always watch your reviews before watching any movie. I feel your reviews were very relevant to what I felt. I hadnt watched this review before and man I'm disappointed. Interstellar is a A++ movie. The last 10 minutes make it worth it. First of all making a black hole as an multi dimension object blew my mind. Others would have just gone for aliens but in this movie, humans can make adjustments to time as it also being a dimension. There is an emotional scene where Mathew saved humanity but couldn't be with his daughter and son throughout his life, he sees his daughter on the death bed after a long time and he dedicates his life towards improving humanity at the end. If that wasn't emotional enough I dont know what is.",BHsFzDON6pA,True,en,"Wow Chris, I always watch your reviews before watching any movie. I feel your reviews were very relevant to what I felt. I hadnt watched this review before and man I am disappointed. Interstellar is a A++ movie. The last 10 minutes make it worth it. First of all making a black hole as an multi dimension object blew my mind. Others would have just gone for aliens but in this movie, humans can make adjustments to time as it also being a dimension. There is an themotional scene where Mathew saved humanity but could not be with his daughter and son throughout his life, he sees his daughter on the death bed after a long time and he dedicates his life towards improving humanity at the end. If that was not themotional enough I don't know what is.",True,749,139,9,1,0,1,sadness,1
@achalanand2213,2025-02-26T21:47:09Z,0,You are wrong. Cooper survived because the black hole he fell into was supermassive blackhole not a regular one thus gravitational pull on his entire body was equal and he didnt die.,NC78S8jNy4g,True,en,You are wrong. Cooper survived because the black hole he fell into was supermassive blackhole not a regular one thus gravitational pull on his entire body was equal and he didnt die.,True,182,32,2,0,0,-1,anticipation,1
@marccas10,2018-11-18T23:40:04Z,0,Interstellar was awesome. I'd given up hope that these kind of movies would ever get made again?,NXhdt1R6TYE,True,en,Interstellar was awesome. I would given up hope that these kind of movies would ever get made again?,True,100,18,2,1,1,1,joy,1
@calebhoney3128,2022-09-01T00:26:33Z,0,"High boi: they STILL haven't fixed the flat tire. Me: my dad has a dually as well. One blows, the other goes 'fucking pathetic' and picks up the slack",I1AXx1XmQrc,True,en,"High boy: they STILL have not fixed the flat tire. Me: my dad has a dually as well. One blows, the other goes 'fucking pathetic' and picks up the slack",True,151,30,2,0,-1,-1,anger,-1
@BryanReeves,2021-09-28T06:06:24Z,1,Of course he does.,R1cexcjdyIE,True,en,Of course he does.,True,18,4,1,0,0,0,joy,0
@Shingodzillaofficaledits,2024-04-07T13:50:29Z,1,I heard that gargantua is actually a real black hole they got an idea about gargantua on m87,CQpTKQloHuI,True,en,I heard that gargantua is actually a real black hole they got an idea about gargantua on m87,True,92,18,0,0,0,-1,anticipation,0
@RhinoTV,2018-12-24T16:21:00Z,0,The music really did it for me,NXhdt1R6TYE,True,en,The music really did it for me,True,30,7,0,1,1,1,joy,0
@tankeater,2023-12-18T14:17:16Z,4,"1:15 ""who is the ghost.""??????? If THAT was hard to understand (considering the fact it was a 5 minute long scene showing us who was the ghost, let alone them talking about it on her death bed), I think you're too slow to watch a movie like this. May I suggest, The Little Mermaid to you. LMFFFAAAOOO",XiDFc5aIqFg,True,en,"""who is the ghost.""??????? If THAT was hard to understand (considering the fact it was a 5 minute long scene showing us who was the ghost, let alone ththem talking about it on her death bed), I think you are too slow to watch a movie like this. May I suggest, The Little Mermaid to you. LMFFFAAAOOO",True,298,57,4,0,-1,-1,joy,-1
@adnanabbas5151,2025-07-27T16:05:23Z,0,"No doubt, the movie is fantastic",Et9cKWWZ0LM,True,en,"No doubt, the movie is fantastic",True,32,6,0,1,1,1,joy,1
@coatza86,2024-09-01T08:27:29Z,0,Gargantua is the black hole. The planet I think it’s Miller,JZ9qjB2PVuE,True,en,Gargantua is the black hole. The planet I think it’s Miller,True,59,11,1,0,-1,1,anticipation,0
@jk45m58,2014-12-07T05:13:37Z,0,"Wow talking about the things we already know, I was expecting more though..",qhW1HfSuPVQ,True,en,"Wow talking about the things we already know, I was expecting more though..",True,75,13,1,1,1,1,anticipation,1
@cerka27,2023-06-10T08:12:03Z,0,One of my favorite movies ❤,QBSw8nSVpmI,True,en,One of my favorite movies ❤,True,27,6,0,1,1,1,joy,1
@luisd7636,2022-12-20T03:51:57Z,7,amazing movie. need to see it at least once a year.,XiDFc5aIqFg,True,en,amazing movie. need to see it at least once a year.,True,51,11,2,1,1,1,joy,1
@danild2002,2025-07-09T11:32:34Z,0,"7 years -one hour, It's impossible time dilation, planet had to be almost on event horizon itself",JqKa6qyVYgg,True,en,"7 years -one hour, it is impossible time dilation, planet had to be almost on event horizon itself",True,98,18,0,0,0,-1,anticipation,0
@thomash.l.9382,2019-06-04T15:42:26Z,0,"you do have access to the past, if you record it.",R1cexcjdyIE,True,en,"you do have access to the past, if you record it.",True,49,11,1,0,0,0,optimism,0
@newhampguy,2015-09-10T01:42:13Z,1,"For all of the idiots in the comment section, everyone who disagrees with the ending and hates It is wrong and obviously didn't understand it. The space he went in was a representation of the fifth dime room IN the third dimension. Pay attention, people.",BHsFzDON6pA,True,en,"For all of the idiots in the comment section, everyone who disagrees with the ending and hates It is wrong and obviously did not understand it. The space he went in was a representation of the fifth dime room IN the third dimension. Pay attention, people.",True,255,46,3,0,-1,-1,anger,-1
@rixiv7868,2022-06-29T07:03:11Z,0,For those of you who still have questions about this topic you should watch this video: It does a great job of helping visualize it. This channel has a lot of other great videos explaining hard to grasp concepts.,JqKa6qyVYgg,True,en,For those of you who still have questions about this topic you should watch this video: It does a great job of helping visualize it. This channel has a lot of other great videos explaining hard to grasp concepts.,True,212,39,2,1,1,1,joy,1
@bymenz1388,2020-03-11T10:56:49Z,0,their own HIGHER SELVES help them.,j3DuONZb3Ik,True,en,their own HIGHER SELVES help ththem.,True,36,6,1,0,0,1,optimism,1
@teacherella1338,2020-08-14T07:01:07Z,0,"Question: when Cooper manipulates the watch that Murph just put on the shelf, she was still a child. Cooper says that gravity transcends all dimension, meaning he can manipulate the watch no matter at which point in the past he does it. Doesn't that also mean the watch always has to act manipulated?? Before he goes he hands the young Murph the watch and we can see that it is acting normal, but when the grown up Murph comes home for dinner we get a brief glimpse of the watch in the box and it already acts weirdly. I mean he didn't choose the moment when the grown up Murph came back home, instead he chose the moment when she was still young... am I making sense? Can anyone please explain?",j3DuONZb3Ik,True,en,"Question: when Cooper manipulates the watch that Murph just put on the shelf, she was still a child. Cooper says that gravity transcends all dimension, meaning he can manipulate the watch no matter at which point in the past he does it. does not that also mean the watch always has to act manipulated?? Before he goes he hands the young Murph the watch and we can see that it is acting normal, but when the grown up Murph comes home for dinner we get a brief glimpse of the watch in the box and it already acts weirdly. I mean he did not choose the moment when the grown up Murph came back home, instead he chose the moment when she was still young... am I making sense? Can anyone please explain?",True,697,133,7,0,0,0,anticipation,-1
@jcd3869,2022-11-01T23:23:44Z,1,Now I don't feel bad I did not get the movie the first time. It took this long to explain it and LOTS of moving parts inside your explanation. Thx,j3DuONZb3Ik,True,en,Now I do not feel bad I did not get the movie the first time. It took this long to explain it and LOTS of moving parts inside your explanation. thank you,True,153,32,2,1,1,1,joy,1
@ebscoHOSTpub,2020-01-30T00:02:48Z,0,"The movie uses love like how we know gravity. We know it exists, that it's physical..but we cant ""see"" it. We have all these diagrams to show us how real it is but in the end, it just is. Love is physical and crosses dimensions like gravity can. i think? i dunno",kcVdY-PKHdk,True,en,"The movie uses love like how we know gravity. We know it exists, that it is physical..but we cant ""see"" it. We have all these diagrams to show us how real it is but in the end, it just is. Love is physical and crosses dimensions like gravity can. i think? i I don't know",True,270,55,6,0,0,1,joy,1
@worldreality7698,2025-06-25T16:40:14Z,0,Abe vo 5th dimension mai tha . Esliye vo 4th dimension mai binary code ke through effect daal reha tha jiske through uski daughter ke room mai books gir rehi thi.,Ibcs3bVtVR8,True,en,Abe vo 5th dimension my the . Esliye vo 4th dimension my binary code ke through effect daal reha the jiske through uski daughter ke room my books google it retard hello again thi.,True,179,34,2,0,0,-1,anticipation,-1
@Wenmill,2024-10-18T06:01:02Z,0,"As I watched this movie for the 5th time, I just realized the ending could be a hallucination of Coops mind. In Mann's planet, he was asked if he saw his children as he was suffocating, and when he enters the black hole, he centers helping his children stay alive, showing a survival instinct for his kids. Aside from the inexplicable reason why a wormhole exists and the messages, everything is explained more fully if he dies as he enters. It shows the fearsome nature of the universe and stays connected to the scientific explanation of the story. I both love this and hate it. I think the idea behind love transcending everything loses its meaning if he does die then, but it also stays with the internal logic of the movie.",j3DuONZb3Ik,True,en,"As I watched this movie for the 5th time, I just realized the ending could be a hallucination of Coops mind. In Mann's planet, he was asked if he saw his children as he was suffocating, and when he enters the black hole, he centers helping his children stay alive, showing a survival instinct for his kids. Aside from the inexplicable reason why a wormhole exists and the messages, everything is explained more fully if he dies as he enters. It shows the fearsome nature of the universe and stays connected to the scientific explanation of the story. I both love this and hate it. I think the idea behind love transcending everything loses its meaning if he does die then, but it also stays with the internal logic of the movie.",True,728,132,6,0,0,1,joy,1
@vgcomedie,2016-10-17T19:04:36Z,3,"I'd give it an A to A-. Sure it has some minor flaws, but the parts that work REALLY work!",BHsFzDON6pA,True,en,"I would give it an A to A-. Sure it has some minor flaws, but the parts that work REALLY work!",True,94,21,2,1,1,1,optimism,1
@nasmurph5453,2020-06-15T08:22:13Z,0,one of the best movies ever made!,j3DuONZb3Ik,True,en,one of the best movies ever made!,True,33,7,1,1,1,1,joy,1
@dannypope1860,2025-02-10T03:54:36Z,21,Why would you send a “particle physicist” on a solo space mission?,5I8YSiSp8rc,True,en,Why would you send a “particle physicist” on a solo space mission?,True,66,12,1,0,0,-1,anticipation,0
@xraysandaliens,2025-07-10T14:42:31Z,0,i need to re watch this because I feel like I missed half of these scenes lol,zBNKrja8dyY,True,en,i need to reply watch this because I feel like I missed half of these scenes laughing out loud,True,94,19,0,0,-1,-1,joy,1
@selfaware114,2019-12-31T00:40:12Z,0,"What was the quantum equation? What was wrong with earth? They already escaped thru black hole. They just needed to find a rock, planet, moon whatever. They just built a huge space station. How did quantum mechanic’s solve anything.? Why go thru wormhole just to go camping with a butch Ann Hathaway?. Now throw in Meryl the bitch Streep and I’m in. Bahahaha.",NXhdt1R6TYE,True,en,"What was the quantum equation? What was wrong with earth? They already escaped through black hole. They just needed to find a rock, planet, moon whatever. They just built a huge space station. How did quantum mechanic’s solve anything.? Why go through wormhole just to go camping with a butch Ann Hathaway?. Now throw in Meryl the bitch Streep and I’am in. Bahahaha.",True,366,63,9,0,-1,-1,joy,-1
@ivanruiz4567,2020-04-18T09:03:14Z,1,"God is love , love is the only thing to transcend all dimensions",j3DuONZb3Ik,True,en,"God is love , love is the only thing to transcend all dimensions",True,64,13,0,1,1,1,joy,1
@greenemonster,2014-11-05T15:58:05Z,0,"I saw it at an imax dome theater last night, and i really liked this movie a lot. I feel like this is a movie that needs to be seen more than once, and i think a lot of people will like the movie more if they see it twice.",BHsFzDON6pA,True,en,"I saw it at an imax dome theater last night, and i really liked this movie a lot. I feel like this is a movie that needs to be seen more than once, and i think a lot of people will like the movie more if they see it twice.",True,222,50,2,1,1,1,joy,1
@Krishna-of1hv,2021-08-19T06:42:57Z,1,I appreciate your interesting to explain very clearly.,JqKa6qyVYgg,True,en,I appreciate your interesting to explain very clearly.,True,54,8,1,1,1,1,joy,1
@scottieturner.,2020-09-01T20:29:02Z,1,The video has aged well,qhW1HfSuPVQ,True,en,The video has aged well,True,23,5,0,1,1,1,optimism,1
@pauldh62,2019-09-04T23:25:12Z,0,"This is a compelling and perplexing film that I never tire of watching. Part of my problem is that I have only ever seen it on long haul flights to Kenya and the sound quality isn't brilliant. On the one hand I never cease to well up when Cooper has to leave his daughter and the real strength is that love transcends all which is great. On the other, he meets his daughter for barely three minutes after a separation of most of her lifetime, leaves with that love intact and blithely swans off to pursue an unconvincing romantic attachment somewhere in the galaxy. While much of the film seems to pride itself on observing scientific theory, particularly physics within the confines of this universe, it goes out on a leap, using a convenient worm hole and has the heroes explore rather uninteresting worlds in a doomed galaxy - it's orbiting a blackhole, so game over, plus Cooper goes hurtling into this unchartered anomaly to emerge unscathed and does not become the crushed spaghetti one is believed to become if one was ever able to effect so suicidal a manoeuvre. In addition, just what was the answer to overcoming the question they were searching for? My understanding was that there was no answer, so when this revelation occurred it made no sense.",NXhdt1R6TYE,True,en,"This is a compelling and perplexing film that I never tire of watching. Part of my problthem is that I have only ever seen it on long haul flights to Kenya and the sound quality is not brilliant. On the one hand I never cease to well up when Cooper has to leave his daughter and the real strength is that love transcends all which is great. On the other, he meets his daughter for barely three minutes after a separation of most of her lifetime, leaves with that love intact and blithely swans off to pursue an unconvincing romantic attachment somewhere in the galaxy. While much of the film sethems to pride itself on observing scientific theory, particularly physics within the confines of this universe, it goes out on a leap, using a convenient worm hole and has the heroes explore rather uninteresting worlds in a doomed galaxy - it is orbiting a blackhole, so game over, plus Cooper goes hurtling into this unchartered anomaly to themerge unscathed and does not become the crushed spaghetti one is believed to become if one was ever able to effect so suicidal a manoeuvre. In addition, just what was the answer to overcoming the question they were searching for? My understanding was that there was no answer, so when this revelation occurred it made no sense.",True,1266,224,7,1,0,-1,joy,1
@richardblack6695,2015-12-30T15:14:06Z,0,Why the spoiler video isn't available anymore?,BHsFzDON6pA,True,en,Why the spoiler video is not available anymore?,True,47,8,1,0,-1,-1,disgust,0
@Daniel-qy9mb,2025-12-19T07:31:10Z,0,Interstellar sound track is just as amazing as the movie.,iWrFVvEgFYI,True,en,Interstellar sound track is just as amazing as the movie.,True,57,10,1,1,1,1,joy,1
@vladimirpetrovsk892,2020-04-01T20:04:10Z,0,to sum up this movie.......booooooooooooring.,j3DuONZb3Ik,True,en,to sum up this movie.......booooooooooooring.,True,45,5,2,0,-1,1,joy,0
@robertlee8613,2024-10-21T15:52:47Z,6,How did he make it out of the 4th dimension?,bpbK6LZ4lQ0,True,en,How did he make it out of the 4th dimension?,True,44,10,1,0,0,-1,anticipation,0
@fartmcfartfacejrsr,2015-04-19T05:13:43Z,0,Someone's a bit graphic happy,R1cexcjdyIE,True,en,someone is a bit graphic happy,True,30,6,0,1,0,1,joy,1
@Taste_Budz,2022-02-07T11:47:44Z,0,Soundtrack🤌,j3DuONZb3Ik,True,en,Soundtrack🤌,True,11,1,0,1,1,1,joy,0
@bilalshiekh99,2025-06-27T02:46:19Z,0,Ik major point tumne miss kar diya ki wo advanced civilisation aur koi nahi hum khud hain future se,Ibcs3bVtVR8,True,en,i know major point tumne miss kar diya ki wo advanced civilisation aur koi nahi hum khud hain future se,True,103,20,0,0,0,0,anticipation,0
@blawdy1636,2021-06-10T18:35:52Z,0,huge fan of Nolanpalooza and i can confirm this is a REALLY good video,qhW1HfSuPVQ,True,en,huge fan of Nolanpalooza and i can confirm this is a REALLY good video,True,70,14,0,1,1,1,joy,1
@watcherofthewest8597,2023-12-10T22:29:04Z,0,"Of all the things that can irritate you about Interstellar, mine was the fact that the world is starving, sports and NASA and government funding is breaking down, but apparently everyone has enough oil and fusel and gas and parts to run thier trucks and combines. I love Nolan, but I love him when he sticks to simpler stories",ASkz5prADQA,True,en,"Of all the things that can irritate you about Interstellar, mine was the fact that the world is starving, sports and NASA and government funding is breaking down, but apparently everyone has enough oil and fusel and gas and parts to run thier trucks and combines. I love Nolan, but I love him when he sticks to simpler stories",True,326,59,1,0,-1,1,joy,1
@realtimeprivacy5085,2021-12-07T21:23:44Z,1,🤔.. SOo by this concept a time machine is possible.. yes? Now where can I get some dilithium crystals?,JqKa6qyVYgg,True,en,🤔.. So by this concept a time machine is possible.. yes? Now where can I get some dilithium crystals?,True,101,19,4,0,0,0,anticipation,1
@RAM-VIC,2019-02-19T11:19:58Z,0,"This movie is 5 yrs old and It’s still THE most interesting film I have EVER seen hands down, well done Nolan brothers well done 👏🏽",NXhdt1R6TYE,True,en,"This movie is 5 years old and It’s still THE most interesting film I have EVER seen hands down, well done Nolan brothers well done 👏🏽",True,133,26,0,1,1,1,joy,1
@luciano6659,2021-12-17T00:10:22Z,5,5:14 WATEF********CK ??????????? HE SAID AMONG US 😂😂🤣🤣,JqKa6qyVYgg,True,en,WATEF********CK ??????????? HE SAID AMONG US 😂😂🤣🤣,True,49,7,1,0,-1,-1,joy,1
@x-gamer-yt1k,2021-10-19T19:52:20Z,2,Movie kandit explanation kanan vanavar undo?,VSuF_hK3qMI,True,la,Is there anyone who can explain the movie after watching it?,True,60,11,1,0,0,-1,anticipation,0
@jerichosainte,2023-10-06T14:57:40Z,0,"Fantastic video! I'm dying to know though, what is the song in the outro? Ran it through multiple music recognition programs and getting nothing...",ASkz5prADQA,True,en,"Fantastic video! I am dying to know though, what is the song in the outro? Ran it through multiple music recognition programs and getting nothing...",True,148,25,3,1,1,1,joy,1
@astronaut_dave,2018-09-20T06:07:28Z,0,I really can't tell if you just ruined my favorite movie of all time for me; or if you made me appreciate it that much more.,NXhdt1R6TYE,True,en,I really cannot tell if you just ruined my favorite movie of all time for me; or if you made me appreciate it that much more.,True,125,26,1,0,-1,-1,joy,1
@Zaszh,2024-10-09T20:02:20Z,0,I didn't see it 😁,JZ9qjB2PVuE,True,en,I did not see it 😁,True,18,6,0,0,0,-1,sadness,1
@nat0106951,2015-04-07T09:22:07Z,0,Wow great explanation and analogy of 4th dimension Sir Tyson,R1cexcjdyIE,True,en,Wow great explanation and analogy of 4th dimension Sir Tyson,True,60,10,0,1,1,1,joy,1
@Sigmundfruit,2015-07-17T06:58:53Z,0,This movie was shiiiiiiiiiiiiiit,BHsFzDON6pA,True,fi,This movie was shiiiiiiiiiiiiiit,True,32,4,0,0,-1,-1,surprise,0
@DSwenson900,2021-04-28T14:22:40Z,0,"Planet Earth has survived for Billions of years. What mental moron believes our planet is going anywhere in the next 10, 100, or even 1,000,000 years from now? Get A Life!",j3DuONZb3Ik,True,en,"Planet Earth has survived for Billions of years. What mental moron believes our planet is going anywhere in the next 10, 100, or even 1,000,000 years from now? Get A Life!",True,171,31,3,0,-1,1,anger,1
@highdesertsunset3011,2024-11-23T15:43:21Z,1,OVERRATED. Story has bad writing holes that fan boys interpret as depth and complexity. Interstellar desperately wanted to be 2001 (which is the true masterpiece) B- movie A+ Score,XiDFc5aIqFg,True,en,OVERRATED. Story has bad writing holes that fan boys interpret as depth and complexity. Interstellar desperately wanted to be 2001 (which is the true masterpiece) B- movie A+ Score,True,180,29,2,0,-1,-1,anger,1
@jsanchezelonce3414,2021-06-11T00:26:12Z,22,"Once you grasp the whole THEY and THEM thing, it all makes sense.",j3DuONZb3Ik,True,en,"Once you grasp the whole THEY and THthem thing, it all makes sense.",True,67,13,1,0,1,1,optimism,0
@FloridaZoe305,2022-08-21T01:55:09Z,0,"I love science 🧬 🧫 🧪, every aspect of it especially Fluid Mechanics, and I’m an chemical Engineer, but above all a follower of my lord and savior Jesus Christ! As wonderful as this movie was! Man doesn’t have the capability to save himself! The science fiction is beautiful and all but man’s only hope is the lord Jesus Christ",j3DuONZb3Ik,True,en,"I love science 🧬 🧫 🧪, every aspect of it especially Fluid Mechanics, and I’am an chthemical Engineer, but above all a follower of my lord and savior Jesus Christ! As wonderful as this movie was! Man doesn’t have the capability to save himself! The science fiction is beautiful and all but man’s only hope is the lord Jesus Christ",True,329,60,3,1,1,1,joy,1
@Hunnasb,2024-04-06T13:46:11Z,2,TARS WAS SO LOYAL,j3DuONZb3Ik,True,en,TARS WAS SO LOYAL,True,17,4,0,1,1,1,joy,1
@lizpie4659,2023-04-14T04:56:55Z,0,"Does anybody, other than me, think that the bulk beings are the descendants of Cooper and Brand after he goes out there and finds her?",ASkz5prADQA,True,en,"Does anybody, other than me, think that the bulk beings are the descendants of Cooper and Brand after he goes out there and finds her?",True,134,25,1,0,0,0,anticipation,0
@MAST3R_AUSTIN,2014-11-07T08:47:43Z,0,"Visually well done! I also didn't notice any CGI as well, which is a very good thing; it visually felt real. The score is fantastic! Definitely a nom for Hans Zimmer. I agree about the story and the ending, it wasn't bad, but it wasn't perfect. The performance of Matt McConaughey was outstanding, the man is blossoming before our eyes as a great actor. I'd pay to see it again, and definitely worth owning",BHsFzDON6pA,True,en,"Visually well done! I also did not notice any CGI as well, which is a very good thing; it visually felt real. The score is fantastic! Definitely a nom for Hans Zimmer. I agree about the story and the ending, it was not bad, but it was not perfect. The performance of Matt McConaughey was outstanding, the man is blossoming before our eyes as a great actor. I would pay to see it again, and definitely worth owning",True,413,78,6,1,1,1,joy,1
@Karthikeyan-td1ol,2020-03-26T13:43:45Z,1,India va avunga ulavu pakuranganu mention pantraru and maybe india tha future la entha mari oru project a pannumnu ninaikurarnu na ninaikura,4-6zBotsi-s,True,la,"They mentioned India is producing something, and maybe in the future, India will undertake a project like that, I think.",True,120,20,1,0,0,-1,optimism,1
@prabuddhaghosh7022,2023-05-28T13:41:01Z,0,The whole movie is a paradox. If the teseract was opened by humans in the future it means they survived. But how did they survive if noone opened the teseract for them. Or if they survived without the teseract does opening the teseract mean humanity's future gets changed and they dont eveolve into 5th dimensional beings. That was the confusing part. Nothing confusing about the end. Cooper is on the way to Edmund's planet with a faster newer spaceship (Though he should probably take extra fuel for a 2 way trip),j3DuONZb3Ik,True,en,The whole movie is a paradox. If the teseract was opened by humans in the future it means they survived. But how did they survive if noone opened the teseract for ththem. Or if they survived without the teseract does opening the teseract mean humanity's future gets changed and they don't eveolve into 5th dimensional beings. That was the confusing part. Nothing confusing about the end. Cooper is on the way to Edmund's planet with a faster newer spaceship (Though he should probably take extra fuel for a 2 way trip),True,518,91,6,0,0,-1,anticipation,1
@vincentm1904,2021-08-12T19:39:48Z,3,"master piece ! great story, great actors, great guy who can wait 20 years in a small ship, 10 / 10",j3DuONZb3Ik,True,en,"master piece ! great story, great actors, great guy who can wait 20 years in a small ship, 10 / 10",True,98,21,1,1,1,1,joy,1
@Humanshieldchorus00,2025-12-23T14:44:53Z,1,"I appreciate your video, but Interstellar is awful",iWrFVvEgFYI,True,en,"I appreciate your video, but Interstellar is awful",True,50,8,0,0,-1,0,anger,-1
@MrRandallwilliams4fr,2014-11-11T21:57:13Z,0,I liked it alot,BHsFzDON6pA,True,en,I liked it a lot,True,16,5,0,1,1,1,joy,1
@sukoonmusic7380,2025-06-26T17:07:40Z,0,Ye ending to sbko pata hai lekin,Ibcs3bVtVR8,True,tl,"Everyone knows this ending, though.",True,35,5,1,0,0,0,optimism,0
@notboring0,2024-09-22T09:34:38Z,0,"Generally like to love Nolan, but c'mon. This is a dreadful 2001 wannabe. The monolith is now the worst robot design in the history of robot designs. And trying to top the baroque room with a five or four dimensional library that can be played like a lute was pathetic. A complete, talky failure.",Et9cKWWZ0LM,True,en,"Generally like to love Nolan, but see'mon. This is a dreadful 2001 want tobe. The monolith is now the worst robot design in the history of robot designs. And trying to top the baroque room with a five or four dimensional library that can be played like a lute was pathetic. A complete, talky failure.",True,300,55,5,0,-1,-1,anger,-1
@robinjava,2020-09-02T19:07:35Z,0,It’s a good video,qhW1HfSuPVQ,True,en,It’s a good video,True,17,4,0,1,1,1,joy,1
@mebincb4084,2022-05-25T16:18:26Z,1,You nailed it bro.... Good keep it up. You have the ability to express the story very clearly.... God bless you,dMl_GhbcP0c,True,en,You nailed it brother.... Good keep it up. You have the ability to express the story very clearly.... God bless you,True,115,21,3,1,1,1,joy,1
@MEV1,2018-04-13T06:31:41Z,155,"Basically, Nolan didnt want to put an explanation in the movie cos people's opinion are different. He made us imagine our own explanation which is not bad but it doesnt clear things up properly.",NXhdt1R6TYE,True,en,"Basically, Nolan didnt want to put an explanation in the movie because people's opinion are different. He made us imagine our own explanation which is not bad but it doesnt clear things up properly.",True,198,34,2,0,-1,0,disgust,-1
@Tim_Silvers,2024-12-16T20:37:18Z,0,I'm still mad over that F u gave me😡,4f9V-8BHONo,True,en,I am still mad over that fuck you gave me😡,True,42,10,0,0,-1,-1,anger,-1
@364carrollst,2024-12-17T15:49:37Z,0,I enjoyed this… SO MUCH!,I1AXx1XmQrc,True,en,I enjoyed this… SO MUCH!,True,24,5,1,1,1,1,joy,1
@wokeblakmann,2014-11-12T18:52:03Z,0,When does your perfect movie come out?,BHsFzDON6pA,True,en,When does your perfect movie come out?,True,38,7,1,1,0,1,anticipation,1
@SomedaySam,2023-04-21T15:37:20Z,0,I have always wondered if John Lithgow talking about missing hot dogs is a shout out to a similar conversation he had in the movie 2010 with Roy Scheider about hot dogs while stuck on the Russian spacecraft near Jupiter.,ASkz5prADQA,True,en,I have always wondered if John Lithgow talking about missing hot dogs is a shout out to a similar conversation he had in the movie 2010 with Roy Scheider about hot dogs while stuck on the Russian spacecraft near Jupiter.,True,220,40,1,0,0,-1,anticipation,-1
@RyanSteinle,2020-05-18T20:38:05Z,0,"I was able to read Jonathan Nolan’s script from 2008 before seeing this film. There were parts from Jonathan’s version I was so disappointed that were cut out. I think Christopher did a very good job reworking the story, making it work the way he wanted it to. I just personally prefer Jonathan’s version more.",BHsFzDON6pA,True,en,"I was able to read Jonathan Nolan’s script from 2008 before seeing this film. There were parts from Jonathan’s version I was so disappointed that were cut out. I think Christopher did a very good job reworking the story, making it work the way he wanted it to. I just personally prefer Jonathan’s version more.",True,310,55,4,0,1,0,sadness,-1
@hardforpicard1692,2020-09-04T01:09:33Z,0,"Wow, I wonder if this great video will spawn a great ""As a Father"" segment...",qhW1HfSuPVQ,True,en,"Wow, I wonder if this great video will spawn a great ""As a Father"" segment...",True,77,15,1,1,1,1,anticipation,1
@Yalro6,2024-04-15T00:06:06Z,0,Excellent breakdown of the movie dude.,zBNKrja8dyY,True,en,Excellent breakdown of the movie dude.,True,38,6,1,1,1,1,joy,1
@deepmaths9677,2021-08-20T11:56:41Z,1,I'm glad i figured that they should experience alot more gravity to a point where they'll be crushed.... Before u said so 💅😅,JqKa6qyVYgg,True,en,I am glad i figured that they should experience a lot more gravity to a point where they will be crushed.... Before you said so 💅😅,True,130,26,1,1,1,1,joy,1
@Secret123890,2019-02-03T15:09:49Z,0,The jokes are lame.,qhW1HfSuPVQ,True,en,The jokes are lame.,True,19,4,1,0,-1,-1,anger,-1
@DivoGo,2023-12-14T21:39:39Z,0,You sir are freaking awesome!❤,ASkz5prADQA,True,en,You sir are freaking awesome!❤,True,30,5,1,1,1,1,joy,1
@Finnishmanni,2021-04-28T17:30:12Z,0,This movie is just full paradox in a nutshell. Nothing makes any sense.,j3DuONZb3Ik,True,en,This movie is just full paradox in a nutshell. Nothing makes any sense.,True,71,13,2,0,-1,-1,sadness,-1
@TheRickestRick_C137,2020-03-29T16:48:19Z,10,This is my favorite movie of all time. It was a masterpiece.,j3DuONZb3Ik,True,en,This is my favorite movie of all time. It was a masterpiece.,True,60,12,2,1,1,1,joy,1
@emperorme1000,2025-08-07T01:34:22Z,0,Yeah knew it for the first time when I watched the movie.. thank you ..,Ibcs3bVtVR8,True,en,Yeah knew it for the first time when I watched the movie.. thank you ..,True,71,15,2,1,1,1,joy,1
@JohnL_S17,2026-04-15T17:04:49Z,0,my brother always makes fun of interstellar being my fav movie,iWrFVvEgFYI,True,en,my brother always makes fun of interstellar being my Favorite movie,True,67,11,0,1,0,1,joy,1
@nicolascely7206,2019-05-21T22:05:22Z,0,"One of the best movies I've ever seen. I just found the plot really gripping and thought-provoking, bacuse of all of the science concepts that are being introduced and explored.",BHsFzDON6pA,True,en,"One of the best movies I have ever seen. I just found the plot really gripping and thought-provoking, bacuse of all of the science concepts that are being introduced and explored.",True,179,31,2,1,1,1,joy,1
@sobreaver,2018-09-15T20:57:04Z,0,"I don't really give a damn about the movie rather than about what the director thinks of his movie and it's interpretation, which is gold to me. But nonetheless the movie was still epic.",NXhdt1R6TYE,True,en,"I do not really give a damn about the movie rather than about what the director thinks of his movie and it is interpretation, which is gold to me. But nonetheless the movie was still epic.",True,188,36,2,1,0,0,joy,-1
@PHDiaz-vv7yo,2026-01-16T08:34:48Z,1,Florrie’s Letter,D09sle7hgWw,True,af,Florrie’s Letter.,True,17,2,1,0,0,1,joy,0
@pravakarsunuwar7680,2019-04-13T10:54:09Z,0,I sometime think that solar system is just an atom of a molecule. We are sub atomic particle. This vision is just for vastness.,kcVdY-PKHdk,True,en,I sometime think that solar systthem is just an atom of a molecule. We are sub atomic particle. This vision is just for vastness.,True,129,24,3,0,0,0,anticipation,1
@jarredbiedertstaedt2394,2020-09-01T13:41:16Z,15,"Wow, I can't believe this is a such a great video!",qhW1HfSuPVQ,True,en,"Wow, I cannot believe this is a such a great video!",True,51,11,1,1,1,1,joy,1
@Dhevakiruban,2019-12-27T13:53:24Z,1,Ungala thavira idha vera yaralayum ivlo clear ah solla mudiyathu,4-6zBotsi-s,True,sw,"Apart from you, no one else can explain this clearly.",True,53,10,1,0,-1,-1,disgust,1
@k2Kbsk,2022-11-04T21:42:22Z,0,My brain is programmed for not to understand this movie for lifetime... irrespective how much ever time i see and try to understand...i realised now & will never try to understand this concept of Interstellar,t6kqaip7WS4,True,en,My brain is programmed for not to understand this movie for lifetime... irrespective how much ever time i see and try to understand...i realised now & will never try to understand this concept of Interstellar,True,208,35,2,0,-1,-1,sadness,0
@Robchanic,2025-02-27T04:58:34Z,0,Love dis movie,I1AXx1XmQrc,True,en,Love this movie,True,15,3,0,1,1,1,joy,1
@tomb4xt3r,2018-11-15T22:22:29Z,0,"It's refreshing to read so many positive, meaningful comments about a modern film. I like to think that's exactly what Nolan was aiming for. You don't have to understand every aspect, the beauty is it leaving a mark on you and triggering your imagination. It was great to watch something that actually credited the audience with some intelligence for a change. Not something we see very often with the current state of the movie industry. It was visually stunning, with great sound, and a lovely vision of things we mere humans can barely comprehend.",NXhdt1R6TYE,True,en,"it is refreshing to read so many positive, meaningful comments about a modern film. I like to think that is exactly what Nolan was aiming for. You do not have to understand every aspect, the beauty is it leaving a mark on you and triggering your imagination. It was great to watch something that actually credited the audience with some intelligence for a change. Not something we see very often with the current state of the movie industry. It was visually stunning, with great sound, and a lovely vision of things we mere humans can barely comprehend.",True,553,97,6,1,1,1,joy,1
@adhvaith212,2023-03-31T16:56:43Z,2,Explanation👌🏻❤️‍🔥,VSuF_hK3qMI,True,la,Explanation👌🏻❤️‍🔥,True,17,1,0,1,1,1,joy,1
@GetYossedLol,2018-07-19T12:08:58Z,0,Great job explaining! Never wondered that it could all be a death dream. Really got me curious.,NXhdt1R6TYE,True,en,Great job explaining! Never wondered that it could all be a death dream. Really got me curious.,True,95,17,3,1,1,1,joy,1
@chandlerthornton3579,2020-03-09T02:39:16Z,0,If you are even slightly knowledgeable of the concept of space-time and theory of relativity then this movie made perfect sense. Not confusing at all to anyone of even somewhat average intelligence,j3DuONZb3Ik,True,en,If you are even slightly knowledgeable of the concept of space-time and theory of relativity then this movie made perfect sense. Not confusing at all to anyone of even somewhat average intelligence,True,197,32,1,1,1,1,joy,1
@jonp7277,2023-05-06T16:09:24Z,0,This was fantastic!,ASkz5prADQA,True,en,This was fantastic!,True,19,3,1,1,1,1,joy,1
@ceemills,2018-07-23T09:13:23Z,0,This movie was a complete disappointment..silly plot holes everywhere,NXhdt1R6TYE,True,en,This movie was a complete disappointment..silly plot holes everywhere,True,69,9,1,0,-1,-1,sadness,0
@REDSHOTFF669,2025-03-12T10:45:50Z,1,Coopet like messi,VSuF_hK3qMI,True,nb,Cooper like Messi,True,17,3,0,0,0,1,joy,1
@barshansahoo4328,2024-12-04T19:25:54Z,0,There is no subtitles 😭,4f9V-8BHONo,True,en,There is no subtitles 😭,True,23,5,0,0,-1,-1,sadness,-1
@michaelhead1879,2018-11-21T06:07:03Z,0,i kind of wish they would have an interstellar 2 to show what happens to the new planet,NXhdt1R6TYE,True,en,i kind of wish they would have an interstellar 2 to show what happens to the new planet,True,87,18,0,0,0,0,anticipation,1
@Mitanhal,2024-12-16T16:25:07Z,0,Why didn't send TARS? Instead they waste 23 years of human life.,NXhdt1R6TYE,True,en,Why did not send TARS? Instead they waste 23 years of human life.,True,65,13,2,0,-1,-1,disgust,-1
@fouadbenrezzak8398,2023-08-22T12:30:45Z,94,There's good movies and then there's interstellar,Et9cKWWZ0LM,True,en,there is good movies and then there is interstellar,True,51,9,0,1,1,0,joy,1
@gokulsatheesh6365,2022-07-10T08:54:10Z,2,Bro you have done a great deal of job 🔥,dMl_GhbcP0c,True,en,brother you have done a great deal of job 🔥,True,43,10,0,1,1,1,optimism,1
@DarkShadow-qz9oh,2025-06-16T13:42:29Z,0,So is it normal for ur phone to fall off a desk after the movie and coming home just wondering,j3DuONZb3Ik,True,en,So is it normal for your phone to fall off a desk after the movie and coming home just wondering,True,96,20,0,0,0,0,anticipation,0
@Dexter-nw2fe,2020-03-31T05:23:32Z,0,"""Finally explained"" like some new info came out/was said by the director or story weitters etc butnope just revaped the whole movie we already saw and understood a thousand times. Channel didnt even realize edmunds civilization is ""them""",j3DuONZb3Ik,True,en,"""Finally explained"" like some new info came out/was said by the director or story weitters etc butnope just revaped the whole movie we already saw and understood a thousand times. Channel didnt even realize edmunds civilization is ""ththem""",True,239,38,1,0,-1,-1,anticipation,1
@kstephen126,2023-04-07T21:11:46Z,2,"Eric this was easily my favorite video you have ever done. I didn't think it was possible but you found even more ways to look and love this truly underrated movie. Congrats man, this was worth the wait",ASkz5prADQA,True,en,"Eric this was easily my favorite video you have ever done. I did not think it was possible but you found even more ways to look and love this truly underrated movie. congratulations man, this was worth the wait",True,210,39,2,1,1,1,joy,1
@hcfgaming401,2021-12-17T06:16:30Z,0,Time to go watch this movie again! For the twelfth time...,j3DuONZb3Ik,True,en,Time to go watch this movie again! For the twelfth time...,True,58,11,2,1,1,1,joy,0
@Twinturboh6,2020-04-11T16:35:01Z,0,Still the best space movie ever,j3DuONZb3Ik,True,en,Still the best space movie ever,True,31,6,0,1,1,1,joy,1
@soyyo4154,2020-05-03T08:33:51Z,0,I need another Video to explain this Video. 🥺,j3DuONZb3Ik,True,en,I need another Video to explain this Video. 🥺,True,45,9,1,0,0,-1,anticipation,0
@ഗില്ലിസൂര്യസൂര്യഗില്ലിഡാ,2023-07-25T05:27:18Z,0,23 വർഷം അയാൾക്ക് അവിടെ ഇരുന്ന് ബോർ അടിച്ചു കാണുമല്ലോ? അതോ ഇടയ്ക്ക് അയാൾ ഭൂമിയിൽ ഒക്കെ പോയിട്ട് വന്നോ 🤣🤣,VSuF_hK3qMI,True,ml,"That guy sitting there for 23 years, wouldn’t he get bored? Or did he go back to Earth and come back? 🤣🤣",True,104,22,2,0,-1,-1,joy,1
@KeithC.H.9959,2021-01-11T16:46:27Z,0,"Ok NASA looks to the stars,but wheres every other space study organization? the world isn't MERICA you know",j3DuONZb3Ik,True,en,"okay NASA looks to the stars,but wheres every other space study organization? the world is not MERICA you know",True,110,19,1,0,0,0,disgust,1
@MrAaronvee,2022-05-19T12:32:09Z,0,Quasi-religious drivel.,j3DuONZb3Ik,True,en,Quasi-religious drivel.,True,23,2,1,0,-1,-1,disgust,0
@mistercohaagen,2026-01-01T10:34:21Z,0,"Imagine loving Interstellar, and then not empathizing with someone who watches 23 years of his family's life go by without him being any part of it... in some punitive prison where rehabilitative options exist, yet go unvoted for due to the rich weaponizing religious language against poor people.",Et9cKWWZ0LM,True,en,"Imagine loving Interstellar, and then not thempathizing with someone who watches 23 years of his family's life go by without him being any part of it... in some punitive prison where rehabilitative options exist, yet go unvoted for due to the rich weaponizing religious language against poor people.",True,299,48,2,0,-1,-1,anger,-1
@alanhilton3611,2018-07-27T21:06:13Z,0,ER......thanks anyway buddy but I get it ok......I get it.,NXhdt1R6TYE,True,en,ER......thanks anyway buddy but I get it okay......I get it.,True,60,10,3,1,1,0,joy,0
@adamsifford6228,2021-10-25T22:14:08Z,0,If you are up you can see 4D js.,R1cexcjdyIE,True,en,If you are up you can see 4D just saying.,True,41,10,1,0,0,0,anticipation,0
@sharonbartley808,2020-06-08T04:06:46Z,0,They didn't acknowledge him because they couldn't see him because he was a ghost. But she could see him as she was near death.,NXhdt1R6TYE,True,en,They did not acknowledge him because they could not see him because he was a ghost. But she could see him as she was near death.,True,128,26,2,0,-1,0,sadness,-1
@looney76,2025-12-21T01:09:51Z,0,"Spoken audio is a problem in all of Nolan’s movies, and it’s annoying. I’ve heard his reasoning multiple times, but I don’t agree with it. I want to hear what’s being said, if he didn’t want us to hear it then the attention shouldn’t be on the speaker, because all it does is cause aggravation, not mystery",iWrFVvEgFYI,True,en,"Spoken audio is a problthem in all of Nolan’s movies, and it’s annoying. I’ve heard his reasoning multiple times, but I denial of normal’t agree with it. I want to hear what’s being said, if he didn’t want us to hear it then the attention shouldn’t be on the speaker, because all it does is cause aggravation, not mystery",True,321,59,2,0,-1,-1,anger,1
@Solsticepoli9726,2024-12-11T06:10:43Z,0,Mercury isn’t tidally locked?,4f9V-8BHONo,True,en,Mercury isn’t tidally locked?,True,29,4,1,0,0,-1,disgust,0
@orujinn2977,2020-06-13T04:15:21Z,3,Tnx❣️❣️,qOngRXgUTN4,True,vi,Thanks❣️❣️,True,10,1,0,1,1,1,joy,1
@RajeshAcharya-or6fy,2023-07-24T17:12:11Z,1,U are wrong when u said Cooper visited earth to meet his daughter they actually meet near saturn,XiDFc5aIqFg,True,en,you are wrong when you said Cooper visited earth to meet his daughter they actually meet near saturn,True,100,18,0,0,-1,-1,anger,-1
@emptylikebox,2025-12-26T19:31:12Z,1,"i'm gonna need chris to revisit this movie and do a new review. please!!!! after 10 years, i changed my mind and think it's the best christopher nolan film. he should have won best director for this over oppenheimer. please like if you all want chris to revisit this movie again.",BHsFzDON6pA,True,en,"I am going to need chris to revisit this movie and do a new review. please!!!! after 10 years, i changed my mind and think it is the best christopher nolan film. he should have won best director for this over oppenheimer. please like if you all want chris to revisit this movie again.",True,284,54,5,1,1,1,anticipation,1
@ushoys,2021-04-09T16:51:17Z,1,I had to have subtitles turned on for the whole movie due to Cooper’s constant mumbling.,j3DuONZb3Ik,True,en,I had to have subtitles turned on for the whole movie due to Cooper’s constant mumbling.,True,88,16,1,0,-1,0,disgust,0
@WOHBuckeye,2018-11-03T06:42:16Z,0,"Nolan isn’t afraid to slap you right in the face with exposition to keep the viewer on track and you can see this throughout his other movies. I think people are getting tied up in knots over interstellar because of the ending to Inception which was perfectly visual and screams YOU WONT KNOW WHAT REALLY HAPPENED EAT THAT. I think he lays this out plain due to the reaction to Inception, and while they may be too nice a bow for some people (even though you don’t know whether he reunited with Brand and the fact he returns from a few days work to find his preteen daughter to be elderly and in hospice), I think the story’s intent is pretty clear.",NXhdt1R6TYE,True,en,"Nolan isn’t afraid to slap you right in the face with exposition to keep the viewer on track and you can see this throughout his other movies. I think people are getting tied up in knots over interstellar because of the ending to Inception which was perfectly visual and screams YOU WONT KNOW WHAT REALLY HAPPENED EAT THAT. I think he lays this out plain due to the reaction to Inception, and while they may be too nice a bow for some people (even though you denial of normal’t know whether he reunited with Brand and the fact he returns from a few days work to find his preteen daughter to be elderly and in hospice), I think the story’s intent is pretty clear.",True,662,124,3,0,0,1,anticipation,1
@mollari2261,2018-12-30T03:47:01Z,9,2:18 You forget that the robot CASE was also still “alive” at this point in the film. He was running the Gargantua-slingshot maneuver. You also see him at the end on Edmunds’ Planet with Dr. Brand.,kcVdY-PKHdk,True,en,You forget that the robot CASE was also still “alive” at this point in the film. He was running the Gargantua-slingshot maneuver. You also see him at the end on Edmunds’ Planet with Dr. Brand.,True,192,35,4,0,0,1,anticipation,-1
@wavingdragon,2023-05-16T02:48:28Z,0,"What if Cooper makes an evil grin and says, ""Let's make that 76 percent."" How would TARS respond?",ASkz5prADQA,True,en,"What if Cooper makes an evil grin and says, ""let us make that 76 percent."" How would TARS respond?",True,98,19,2,0,0,-1,anger,-1
@matthewwakeling4978,2024-10-16T12:16:34Z,0,"This was my main objection to the film - it'd be impossible for the spacecraft to approach and land on that planet, because it'd need on the order of as much energy as it would take to achieve that level of time dilation just moving really fast in a straight line. You'd have to convert 99% of the spacecraft mass to pure energy just to travel there. We don't have that technology, and we likely won't for an extraordinarily long time.",JZ9qjB2PVuE,True,en,"This was my main objection to the film - it would be impossible for the spacecraft to approach and land on that planet, because it would need on the order of as much energy as it would take to achieve that level of time dilation just moving really fast in a straight line. you would have to convert 99% of the spacecraft mass to pure energy just to travel there. We do not have that technology, and we likely will not for an extraordinarily long time.",True,451,86,3,0,-1,-1,anticipation,1
@michaellalli7693,2023-06-26T02:24:45Z,0,Nice try for the climate change nazi’s - crock of shit,I1AXx1XmQrc,True,en,Nice try for the climate change nazi’s - crock of shit,True,54,11,0,0,-1,1,anger,-1
@HR1A554,2022-11-21T12:15:30Z,0,its the music man its always the music that gets me,j3DuONZb3Ik,True,en,its the music man its always the music that gets me,True,51,11,0,1,1,1,joy,0
@NgaNgaody,2020-09-02T08:53:37Z,1,Actually this is a really good video 💯 would recommend it to others who didn't understand interstellar,qhW1HfSuPVQ,True,en,Actually this is a really good video 💯 would recommend it to others who did not understand interstellar,True,103,18,0,1,1,1,joy,1
@shubhamgupta9553,2025-03-20T20:31:08Z,0,Too good,NC78S8jNy4g,True,so,Too good.,True,9,2,1,1,1,-1,sadness,1
@nobodyyouknow1065,2025-01-30T03:16:13Z,10,The robots were the best characters and it wasn’t even close.,XD8ycTPJov8,True,en,The robots were the best characters and it wasn’t even close.,True,61,11,1,1,1,1,anticipation,1
@user-oy7fe2gn3t,2023-03-05T06:26:05Z,0,that 1st background music is a banger! anyone know the name?,XiDFc5aIqFg,True,en,that 1st background music is a banger! anyone know the name?,True,60,11,2,1,1,-1,joy,0
@shinadhebrahim8430,2021-04-01T06:44:12Z,17,Cinema kand athishayichavar like adi,dMl_GhbcP0c,True,xh,"If you liked the movie, give it a thumbs up.",True,44,10,1,1,1,0,joy,1
@Theghumakadframe,2025-07-18T13:57:27Z,0,Ye movie jabardast mal fuk ke likhe gaye hai iska wastwaiq zindagi se koi lena dena nahi hai 😂😂,Ibcs3bVtVR8,True,eu,"This movie is written with a lot of crap, it has no actual connection to real life. 😂😂",True,86,18,1,0,-1,-1,anger,1
@GRECO7-q3w,2026-02-21T10:42:35Z,0,e],JqKa6qyVYgg,True,nl,e],True,2,1,0,0,0,1,joy,0
@miniQ-PMA,2021-06-17T19:51:07Z,0,"I am not sure if it makes sense, but, as we can use the various mediums of recording to re-live the past and create a connection, it also feels like we try to move forward in time and pre-live it by imagining and dreaming about the future.",t6kqaip7WS4,True,en,"I am not sure if it makes sense, but, as we can use the various mediums of recording to reply-live the past and create a connection, it also feels like we try to move forward in time and pre-live it by imagining and dreaming about the future.",True,242,47,1,0,0,1,optimism,1
@billionabil,2019-01-25T12:48:57Z,6,"I wonder if I'm guided by my future self, since ""all of time"" is ALL the time..all coexist like different floors on the same building...",kcVdY-PKHdk,True,en,"I wonder if I am guided by my future self, since ""all of time"" is ALL the time..all coexist like different floors on the same building...",True,137,26,2,0,0,1,anticipation,1
@CebOnCars2,2026-03-24T13:34:11Z,4,Now I am even more confused …,bU-pwPhbOTw,True,en,Now I am even more confused …,True,29,7,0,0,-1,-1,fear,-1
@maureenpeterson2070,2022-04-14T13:11:00Z,0,"The whole premise in this movie that black hole that supposedly can suck planets and solar systems into itself, apparently doesn't harm a human body...........................",JqKa6qyVYgg,True,en,"The whole prthemise in this movie that black hole that supposedly can suck planets and solar systthems into itself, apparently does not harm a human body...........................",True,180,26,1,0,-1,-1,anticipation,0
@BADMoeBrown,2024-03-14T11:43:53Z,0,"I wonder why the astronaut in orbit of the planet didnt experience the same time dilatation that the people on the planet did. I mean he is not that far away from them, and is inside the same gravitational field of the black hole. The gravitational field doesn't stop simply because you left the surface, nor does it start when you contact the surface of an object that is in that field. The astronaut in orbit would have to be really really far away from the black hole to not experience the same gravitational effects. To my understanding at least.",CQpTKQloHuI,True,en,"I wonder why the astronaut in orbit of the planet didnt experience the same time dilatation that the people on the planet did. I mean he is not that far away from ththem, and is inside the same gravitational field of the black hole. The gravitational field does not stop simply because you left the surface, nor does it start when you contact the surface of an object that is in that field. The astronaut in orbit would have to be really really far away from the black hole to not experience the same gravitational effects. To my understanding at least.",True,553,101,5,0,0,-1,anticipation,1
@JoseFerreira-qx5jh,2020-05-09T18:44:05Z,0,You explains nothing just narrated it,j3DuONZb3Ik,True,en,You explains nothing just narrated it,True,37,6,0,0,0,-1,disgust,0
@andrebrown4152,2021-02-11T14:25:12Z,0,This movie WOULD’VE been amazing... if it were about an hour shorter! 😂,j3DuONZb3Ik,True,en,This movie WOULD’VE been amazing... if it were about an hour shorter! 😂,True,71,13,2,1,1,1,joy,1
@ammarnapata2193,2019-01-04T03:27:42Z,0,Love this movie!,kcVdY-PKHdk,True,en,Love this movie!,True,16,3,1,1,1,1,joy,1
@coolbuddydude1,2015-08-29T01:09:39Z,0,C+,BHsFzDON6pA,True,vi,see+,True,4,1,0,0,0,1,anticipation,0
@aaronmartinez6964,2018-08-06T20:41:22Z,0,Oh had understood the movie just wanted to check out if I missed anything now I’m dying for a second one,qhW1HfSuPVQ,True,en,Oh had understood the movie just wanted to check out if I missed anything now I’am dying for a second one,True,105,21,0,0,0,-1,fear,-1
@fengshuiindia3247,2021-06-09T16:11:56Z,0,അപ്പോൾ നമ്മൾ ഒക്കെ ആരാ 🙄,dMl_GhbcP0c,True,ml,So who are we then? 🙄,True,21,6,1,0,-1,0,anticipation,0
@muhammadshameel2954,2021-03-19T05:18:19Z,1,Nigap parayunna onnum manassilavunna,VSuF_hK3qMI,True,la,I cannot understand anything you are saying.,True,44,7,1,0,-1,-1,anger,0
@Raven-cf5qd,2018-12-14T10:41:27Z,0,"I'm glad that he lived, but what ever happened to his sons son?",NXhdt1R6TYE,True,en,"I am glad that he lived, but what ever happened to his sons son?",True,64,14,1,0,0,0,sadness,1
@N0tTh3MESSIAH,2026-02-10T21:57:49Z,0,"The rules of physics function without an observer. Light, when observed and interacted with, changes its behavior, yes. To understand what is happening/physics, an observer changes the outcome with the process of observation. Limited understanding is a factor that scientists with their fragile ego ignore therefore very often come to a wrong conclusion. In the middle ages, these very smart people thought the earth was flat. Their opinion has changed. The earth is not flat. It is more likely that scientists have no idea about quantum/light behavior and, instead of research, the limited lifespan/understanding forces them to come to a conclusion that is highly likely to be wrong.",9YBpOBIsZoc,True,en,"The rules of physics function without an observer. Light, when observed and interacted with, changes its behavior, yes. To understand what is happening/physics, an observer changes the outcome with the process of observation. Limited understanding is a factor that scientists with their fragile ego ignore therefore very often come to a wrong conclusion. In the middle ages, these very smart people thought the earth was flat. Their opinion has changed. The earth is not flat. It is more likely that scientists have no idea about quantum/light behavior and, instead of research, the limited lifespan/understanding forces ththem to come to a conclusion that is highly likely to be wrong.",True,686,108,8,0,-1,-1,anticipation,-1
@abrahamgomez1619,2020-09-12T16:01:01Z,1,Still waiting for part two damn it !!!,j3DuONZb3Ik,True,en,Still waiting for part two damn it !!!,True,38,8,1,0,0,1,anger,-1
@onepiecephil,2024-12-07T04:25:50Z,0,So brilliant!,4f9V-8BHONo,True,cy,So brilliant!,True,13,2,1,1,1,1,joy,1
@oddoutdoors,2026-03-25T02:46:14Z,0,"Meh, its a wading pool pretending to be the ocean.",9YBpOBIsZoc,True,en,"whatever, its a wading pool pretending to be the ocean.",True,55,10,1,0,0,0,disgust,1
@fastride1934,2023-01-31T20:28:51Z,0,"Its not that good though. Its kinda lame. Just make Mass Effect, instead of this aimless trash book case story. Tenet worked though.",j3DuONZb3Ik,True,en,"Its not that good though. Its kind of lame. Just make Mass Effect, instead of this aimless trash book case story. Tenet worked though.",True,134,24,4,0,-1,-1,anger,-1
@a-oneproductions4283,2022-10-31T23:53:44Z,0,I thought it was an issue with resources as to why copper stayed behind.,j3DuONZb3Ik,True,en,I thought it was an issue with resources as to why copper stayed behind.,True,72,14,1,0,0,-1,disgust,0
@Mystikan,2022-11-16T08:41:55Z,1,"The idea I got from the scenes inside the black hole is this: when you pass the event horizon, all paths lead to the singularity. At no point is it possible to get further away from the singularity, or even to remain at a constant distance from it. This means that the dimension of space in the direction of the singularity becomes timelike, so time as experienced outside the black hole must become spacelike. This means that he can move back and forth through time in the same manner he normally could through a given dimension of space - at least for as long as he has before he becomes spaghettified by proximity to the singularity, which is his inescapable future. So the ""library"" inside the black hole to me represented universal time as a spacelike dimension in which he could move at will, because his formerly spacelike path to the singularity had become his axis of time. This is what enabled him to travel back in time to his daughter's childhood and leave the message ""STAY"" on her bookshelf before he was crushed by the singularity.",j3DuONZb3Ik,True,en,"The idea I got from the scenes inside the black hole is this: when you pass the event horizon, all paths lead to the singularity. At no point is it possible to get further away from the singularity, or even to rthemain at a constant distance from it. This means that the dimension of space in the direction of the singularity becomes timelike, so time as experienced outside the black hole must become spacelike. This means that he can move back and forth through time in the same manner he normally could through a given dimension of space - at least for as long as he has before he becomes spaghettified by proximity to the singularity, which is his inescapable future. So the ""library"" inside the black hole to me represented universal time as a spacelike dimension in which he could move at will, because his formerly spacelike path to the singularity had become his axis of time. This is what enabled him to travel back in time to his daughter's childhood and leave the message ""STAY"" on her bookshelf before he was crushed by the singularity.",True,1048,187,6,0,0,1,anticipation,-1
@nirbhay_raghav,2023-12-15T18:07:23Z,0,"Hate to say this given that this is the deepest dive I have seen on Interstellar. ""Ice clouds are technically correct"". They would not fall because ice has not have any more weight than water given the same volume. It happens even on Earth. I have watched this movie frame by frame for more than 25 times and I fpund so mnay little things and ideas. Amazing video❤",ASkz5prADQA,True,en,"Hate to say this given that this is the deepest dive I have seen on Interstellar. ""Ice clouds are technically correct"". They would not fall because ice has not have any more weight than water given the same volume. It happens even on Earth. I have watched this movie frame by frame for more than 25 times and I fpund so mnay little things and ideas. Amazing video❤",True,364,68,5,1,1,1,joy,1
@JABIR-td8bq,2021-06-25T09:19:17Z,0,Nolante okke oru thala..😧😧Sammathikkanam,qOngRXgUTN4,True,tn,Everyone should agree on Nolante... 😧😧,True,38,6,1,0,0,-1,disgust,-1
@AramisUA,2025-04-26T12:45:29Z,0,"This movie created ""canonical"" look of black-holes in sci-fi and minds of people.",2mUSh5N-gIY,True,en,"This movie created ""canonical"" look of black-holes in sci-fi and minds of people.",True,81,13,1,0,-1,1,anticipation,1
@theattitude,2019-12-30T22:13:41Z,0,Cooper either Died Or warped into an alternative parallel universe. And I still don't know why humans were sent on this mission when robots and drones can perform the interstellar tasks,NXhdt1R6TYE,True,en,Cooper either Died Or warped into an alternative parallel universe. And I still do not know why humans were sent on this mission when robots and drones can perform the interstellar tasks,True,186,32,1,0,-1,0,disgust,-1
@callagoza,2021-08-21T21:50:51Z,0,Isn't the reason for the time dilation on that planet due to the proximity to the black hole?,JqKa6qyVYgg,True,en,is not the reason for the time dilation on that planet due to the proximity to the black hole?,True,94,19,1,0,0,-1,anticipation,0
@daniellively1128,2026-01-25T06:59:27Z,0,The ticking in millers planet hit hard not suspense but realization of the time going by back on earth,iWrFVvEgFYI,True,en,The ticking in millers planet hit hard not suspense but realization of the time going by back on earth,True,102,19,0,0,0,0,anticipation,-1
@JerrryMillion,2024-10-16T01:24:53Z,0,I gave it a C.,Et9cKWWZ0LM,True,en,I gave it a see.,True,16,5,1,0,0,1,anticipation,0
@bioshock1778,2023-09-29T04:15:52Z,0,Corn juice sounds sweet and bland at the same time,zBNKrja8dyY,True,en,Corn juice sounds sweet and bland at the same time,True,50,10,0,0,0,-1,sadness,1
@mupicap7927,2018-04-08T22:00:21Z,0,"Nolan with his movie not playing with ur heart i guess,, he playing with ur mind,, and there is another Nolan, Denis V. Who always punch ur face through ur heart,,,",BHsFzDON6pA,True,en,"Nolan with his movie not playing with your heart i guess,, he playing with your mind,, and there is another Nolan, Denis V. Who always punch your face through your heart,,,",True,172,31,1,0,-1,-1,anger,1
@ollyvidic8912,2024-10-15T17:56:04Z,0,I can hodl my Crypto's there.,CQpTKQloHuI,True,cy,I can hold my Cryptos there.,True,28,6,1,0,0,1,optimism,0
@andrewdiolosa3861,2026-01-14T00:55:03Z,0,This movie and inception was incredible tenet is dope too oh Memento also ok..... I love all his movies!,iWrFVvEgFYI,True,en,This movie and inception was incredible tenet is dope too oh Mthemento also okay..... I love all his movies!,True,108,19,2,1,1,1,joy,1
@zuhairabaan8462,2021-06-21T17:35:26Z,4,"I just wished to see this movie's review, and it came out as a surprise",VSuF_hK3qMI,True,en,"I just wished to see this movie's review, and it came out as a surprise",True,71,15,0,0,1,1,joy,1
@BoshSoldierCarp,2019-10-09T14:19:43Z,0,The Martian is way better,NXhdt1R6TYE,True,en,The Martian is way better,True,25,5,0,1,1,-1,joy,1
@hayypapi4281,2019-01-26T16:46:41Z,0,I really love this movie plus I’m a fan of astronomy,kcVdY-PKHdk,True,en,I really love this movie plus I’am a fan of astronomy,True,53,11,0,1,1,1,joy,1
@MegaParrotMan,2019-12-16T21:07:15Z,0,I'd hate this guy behind me in a movie theatre.,R1cexcjdyIE,True,en,I would hate this guy behind me in a movie theatre.,True,51,11,1,0,-1,-1,anger,-1
@emf321,2023-05-30T21:57:10Z,0,"Have you ever watched Triangle, by Christopher Smith? Wonder what a deep dive in that movie would look like!?!",ASkz5prADQA,True,en,"Have you ever watched Triangle, by Christopher Smith? Wonder what a deep dive in that movie would look like!?!",True,110,19,2,0,0,-1,anticipation,1
@മാഹിർ,2021-04-15T18:28:23Z,0,മികച്ച വിവരണം.,VSuF_hK3qMI,True,ml,Great explanation.,True,18,2,1,1,1,1,joy,1
@zwonsinskidmoru4556,2019-10-23T23:33:25Z,4,The film was a masterpiece 💯,NXhdt1R6TYE,True,en,The film was a masterpiece 💯,True,28,6,0,1,1,1,joy,1
@Billy-hj1nl,2024-09-23T14:53:30Z,0,"No, I haven't seen it.",JZ9qjB2PVuE,True,nl,"No, I have not seen it.",True,23,6,1,0,0,-1,sadness,0
@mepizzasmangled,2017-09-01T14:04:37Z,0,amazing,t6kqaip7WS4,True,zu,Amazing,True,7,1,0,1,1,1,joy,1
@StayTunedGetinTuneStupid,2024-04-09T06:41:05Z,0,So good. I really need to rewatch soon. It’s been a few years and i absolutely love this movie,zBNKrja8dyY,True,en,So good. I really need to rewatch soon. It’s been a few years and i absolutely love this movie,True,94,19,2,1,1,1,joy,1
@nidhishmanakkattil8557,2021-03-28T20:17:46Z,2,Ith explain cheyan ee cinimayekal time venam😅😅.,VSuF_hK3qMI,True,zu,This movie needs time to explain it 😅😅.,True,39,8,1,0,0,0,anticipation,1
@anishmilano3268,2021-05-18T12:16:42Z,4,കിളിപോയി ...മണിച്ചിത്രത്താഴ് വരെ പിടിക്കും ...ഇതൊന്നും പറ്റൂല്ല 😇😇😇 നല്ല അവതരണം 👌👍,dMl_GhbcP0c,True,ml,The parrot has flown away... even the manichitrathazhu will be caught... nothing can compare to this 😇😇😇 great presentation 👌👍,True,126,20,2,1,1,1,joy,1
@Mr2freshhh,2025-12-29T09:09:56Z,0,Nice summary!! I will say you got Murthy’s law wrong: what will happened will happen….,zBNKrja8dyY,True,en,Nice summary!! I will say you got Murthy’s law wrong: what will happened will happen….,True,86,15,2,0,0,1,joy,-1
@amoeba8460,2023-01-29T12:46:10Z,0,I still dont understand this. How the future humans were able to help present humans if Murphy was the one who saved the humanity by the help of her father who got the information from the future humans. If humans were about to be extinct how did they survived without the wormhole put by the future humans.,j3DuONZb3Ik,True,en,I still don't understand this. How the future humans were able to help present humans if Murphy was the one who saved the humanity by the help of her father who got the information from the future humans. If humans were about to be extinct how did they survived without the wormhole put by the future humans.,True,308,57,3,0,-1,-1,anticipation,1
@mastuerzo8559,2017-09-20T14:03:55Z,0,I love the film but the music is despicable.,t6kqaip7WS4,True,en,I love the film but the music is despicable.,True,44,9,1,0,-1,1,anger,1
@bubbaseeds,2021-08-25T05:34:37Z,1,I must a t mention that my grandfather discovered this. I have the original equipment used in the experiment.,JqKa6qyVYgg,True,en,I must a t mention that my grandfather discovered this. I have the original equipment used in the experiment.,True,109,19,2,0,0,1,anticipation,1
@danielcrowley9933,2014-11-05T22:17:39Z,0,You HAVE to see it in IMAX!,BHsFzDON6pA,True,en,You HAVE to see it in IMAX!,True,27,7,1,1,1,1,anticipation,0
@jamesramirez1413,2022-01-19T15:52:53Z,1,What would happen if a Person in Miller's Planet and a Person in Earth? How would they see each other?,JqKa6qyVYgg,True,en,What would happen if a Person in Miller's Planet and a Person in Earth? How would they see each other?,True,102,20,2,0,0,-1,anticipation,0
@aseddon130,2019-08-18T00:08:19Z,1,"Coopers first name is never given, where did you get Joseph from?",NXhdt1R6TYE,True,en,"Coopers first name is never given, where did you get Joseph from?",True,65,12,1,0,0,-1,sadness,0
@raghavchennai,2021-11-24T14:13:38Z,0,Mr Gk. How and why does the clock move slower if travelled at speed of light. Need a clear explanation pls. I understand the light clock experiment but how does the speed affect the clock,4-6zBotsi-s,True,en,Mr Gk. How and why does the clock move slower if travelled at speed of light. Need a clear explanation please. I understand the light clock experiment but how does the speed affect the clock,True,190,35,3,0,0,0,anticipation,1
@03anand,2020-03-22T19:05:57Z,0,You bored me with your .......cheep jokes...,qhW1HfSuPVQ,True,en,You bored me with your .......cheep jokes...,True,44,7,2,0,-1,-1,anger,0
@soysebbaaa,2023-04-09T18:49:02Z,0,By far the best breakdown and by far the best movie of all time. Nolan does not fail. Greetings from Chile 🇨🇱,ASkz5prADQA,True,en,By far the best breakdown and by far the best movie of all time. Nolan does not fail. Greetings from Chile 🇨🇱,True,109,22,2,1,1,1,joy,1
@SuperSaiyan-1000,2021-06-11T20:46:50Z,0,Bro U should do Predestination.😁😁😁,I1AXx1XmQrc,True,en,brother you should do Predestination.😁😁😁,True,40,5,1,0,1,1,anticipation,1
@heaintloveu,2021-04-02T21:42:59Z,0,But why did the humans of the future have to save the humans in the past from the dying earth? They obviously made it off the planet already,j3DuONZb3Ik,True,en,But why did the humans of the future have to save the humans in the past from the dying earth? They obviously made it off the planet already,True,140,28,1,0,0,0,anticipation,1
@madfish008,2019-04-01T22:35:18Z,0,"If you have a little bit knowledge about physics you could understand the movie,now I actually see how dumb people are these days.",qhW1HfSuPVQ,True,en,"If you have a little bit knowledge about physics you could understand the movie,now I actually see how dumb people are these days.",True,130,23,1,0,-1,-1,anger,-1
@டீக்கடபசங்க,2020-04-04T08:53:55Z,0,Epootha intha movie ya tamil la dub panuvanga....!,4-6zBotsi-s,True,ts,Are they going to dub this movie in Tamil....!,True,46,9,1,0,0,-1,anticipation,0
@uouns5915,2022-11-09T17:46:59Z,0,1year kazhinj onnukoodi verum,VSuF_hK3qMI,True,la,"One year later, still just...",True,29,5,1,0,0,-1,sadness,0
@Spectrefox1313,2026-04-25T22:13:12Z,0,You save earth by taking out humans. The only way it survives. We are a cancer to this planet.,5I8YSiSp8rc,True,en,You save earth by taking out humans. The only way it survives. We are a cancer to this planet.,True,94,19,3,0,-1,-1,anger,-1
@julianiniguez85,2025-01-30T13:53:04Z,0,"It doesn't spell words according to the title but instead uses Morse code with the empty spaces in the library. Beautiful episode, I enjoyed it very much.",4f9V-8BHONo,True,en,"It does not spell words according to the title but instead uses Morse code with the thempty spaces in the library. Beautiful episode, I enjoyed it very much.",True,157,28,2,1,1,1,joy,1
@surprisetroll5700,2017-04-09T12:57:13Z,0,Oh wait nvm the guy became a higher lvl of power he was able to see things that no one could which in my way eventually he would god insane and loose sympathy for humanity like silver surfer did,R1cexcjdyIE,True,en,Oh wait never mind the guy became a higher level of power he was able to see things that no one could which in my way eventually he would god insane and loose sympathy for humanity like silver surfer did,True,203,40,0,0,-1,-1,anger,0
@philcole368,2023-06-11T19:10:54Z,0,WOW!! This is a brilliant episode. Congrats on your awesome work!! Love it!!,ASkz5prADQA,True,en,WOW!! This is a brilliant episode. congratulations on your awesome work!! Love it!!,True,83,13,4,1,1,1,joy,1
@sheikyerbouty2926,2022-12-31T16:01:04Z,0,"Time is not the 4th dimension, even though I prefer this interpretation to explain the movies ending. And yes it's what most people think. Time as 4th dimension comes from Einsteins relativity theory. But Quantum theory, which has 10 dimensions, thought us that time is an illusion. Secondly any dimension can have elements of lower dimensions, but never higher dimensions. In 1st dimension, length, you don't find 2nd or higher dimensions. And yet, all dimensions have time. The 4th and higher dimensions are as previous dimensions geometric in nature. A cube in a 4th dimension can not be seen in it's full glory in any lower dimensions. For example: If you were a 1 dimensional (lengt) creature trying to look at 2 dimensional (length and width) square, you would only be able to see a slice of that square, the rest would be completely out of sight and reach.",zBNKrja8dyY,True,en,"Time is not the 4th dimension, even though I prefer this interpretation to explain the movies ending. And yes it is what most people think. Time as 4th dimension comes from Einsteins relativity theory. But Quantum theory, which has 10 dimensions, thought us that time is an illusion. Secondly any dimension can have elthements of lower dimensions, but never higher dimensions. In 1st dimension, length, you do not find 2nd or higher dimensions. And yet, all dimensions have time. The 4th and higher dimensions are as previous dimensions geometric in nature. A cube in a 4th dimension can not be seen in it is full glory in any lower dimensions. For example: If you were a 1 dimensional (lengt) creature trying to look at 2 dimensional (length and width) square, you would only be able to see a slice of that square, the rest would be completely out of sight and reach.",True,868,152,10,0,0,0,anticipation,1
@nikkotekoey,2026-01-17T20:06:41Z,0,"Here’s why I love Interstellar: Amidst establishing the physical domain: gravity, light, space, distance, hunger, cold, and silence, Interstellar makes it clear that love is the thing holding the universe together. Cooper’s life, and humanity’s life is held together by love.",iWrFVvEgFYI,True,en,"Here’s why I love Interstellar: Amidst establishing the physical domain: gravity, light, space, distance, hunger, cold, and silence, Interstellar makes it clear that love is the thing holding the universe together. Cooper’s life, and humanity’s life is held together by love.",True,275,41,2,1,1,1,joy,1
@wiegehtessehrgut8583,2015-12-12T05:29:55Z,0,"If you still don't get Interstellar after this, then idk what you doing with your life.",R1cexcjdyIE,True,en,"If you still do not get Interstellar after this, then I don't know what you doing with your life.",True,97,19,1,0,-1,0,sadness,0
@osandigital,2020-07-06T00:03:15Z,0,I honestly thought you were going to explain something deeper.,j3DuONZb3Ik,True,en,I honestly thought you were going to explain something deeper.,True,62,10,1,0,0,-1,anticipation,1
@therealmacaron,2024-12-22T08:39:05Z,0,"The final one is somewhat true, but not really. He did use real corn, but he was not the one to grow it. He paid some farmers (I don’t know exactly who) to let him use their field for filming. Don’t worry, I’m sure they were paid well for their sacrifices.",IIo5Uo-gxJI,True,en,"The final one is somewhat true, but not really. He did use real corn, but he was not the one to grow it. He paid some farmers (I denial of normal’t know exactly who) to let him use their field for filming. denial of normal’t worry, I’am sure they were paid well for their sacrifices.",True,283,55,4,0,0,0,anticipation,1
@Scootertin,2015-06-20T04:34:05Z,0,This was the greatest movie in film history I loved it my most favorite movie ever nothing will ever top this,BHsFzDON6pA,True,en,This was the greatest movie in film history I loved it my most favorite movie ever nothing will ever top this,True,109,21,0,1,1,1,joy,1
@edubeck,2021-12-18T03:12:45Z,0,I understand the difference between time in earth and in gargantua. But there shouldn’t have barely any difference between miller’s orbit and miller’s surface.,JqKa6qyVYgg,True,en,I understand the difference between time in earth and in gargantua. But there shouldn’t have barely any difference between miller’s orbit and miller’s surface.,True,159,24,2,0,0,0,disgust,0
@aldoard,2020-04-01T04:51:06Z,1,I watched the movie like 9 times. I've never focused on a youtube vid like this before 😂,j3DuONZb3Ik,True,en,I watched the movie like 9 times. I have never focused on a youtube Video like this before 😂,True,92,19,1,1,1,-1,joy,1
@sheersh03,2021-09-24T02:35:01Z,0,So this movie happens In a infinite loop?,j3DuONZb3Ik,True,en,So this movie happens In a infinite loop?,True,41,8,1,0,0,-1,anticipation,0
@morrit33,2023-03-23T17:03:14Z,0,"Hey, I want to ask whether Einstein theory allows for time to flow in different speeds through the universe? Just, with all the discoveries the JWST is making and how it has discovered galaxies that shouldn't exist, it makes me wonder whether time flows at different speeds, meaning some galaxies are moving faster than others in their corner of the universe... Just a theory, but gravity is immense in some parts, meaning the photons may take longer to reach us going through an area of heavy gravity and, ergo, time....? I dunno... Am I thick??",CQpTKQloHuI,True,en,"Hey, I want to ask whether Einstein theory allows for time to flow in different speeds through the universe? Just, with all the discoveries the JWST is making and how it has discovered galaxies that should not exist, it makes me wonder whether time flows at different speeds, meaning some galaxies are moving faster than others in their corner of the universe... Just a theory, but gravity is immense in some parts, meaning the photons may take longer to reach us going through an area of heavy gravity and, ergo, time....? I I don't know... Am I thick??",True,554,98,5,0,0,0,anticipation,1
@edsonsouzaneto6251,2025-04-20T02:30:13Z,0,This is actually a good video tbh,qhW1HfSuPVQ,True,en,This is actually a good video to be honest,True,42,9,0,1,1,1,joy,1
@mariusgirbo8614,2018-09-03T20:49:26Z,0,"While I admire your channel and videos I think this time you are trying to find meanings that are simply not there. The ending is fantastic indeed, like the rest of the movie for that matter, however the meaning of it is pretty clear and makes perfect sense if you don't want to get emotional and add love into the mix or 'what happens after we die' scenarios. The Tesseract was build and put there together with the wormhole, by the humans from the future. Not the near future, but a very distant one, where humans evolved into a specie that is no longer bend by time. That is why they didn't put it there themselves. Brand briefly explains this concept when they are stuck on the water planet. The Tesseract's single purpose is to offer Cooper a way to communicate the equations from inside the black hole out to the real world (Murph in this case) so the humanity can save itself. As current physics states that in theory nothing can come out from a black hole, we can assume that the advanced human specie from the future had the technology to do this and the Tesseract was the hardware to do it. The way this is done - extraordinary vision from Nolan and the crew - is through gravity. Why Gravity? Because Gravity is the only one of the four fundamental forces of the universe that the current physics cannot explain. Yes, real cause of gravity is unknown for science at this moment, we only know how it works and it's effects. So with gravity unsolved even for real science, it is a genius use of it in the movie script. The 'Cooper station' where he wakes up, which you are calling 'A conical station with an opening at the end allowing sun light to filter in.. Light at the end of the tunnel? - this literally made me smile (no offense please, but it did :) ) - no, this is a O’neill cylinder, a very common and well known term in the sci-fi field describing potential habitable structure in space. You can find the O’neill cylinders both in sci-fi literature since 1950 but also in the current science theories about living in space. You can find very much material about O’neill cylinders on Google. And finally the Tesseract was not build by love. The love they talk about during the movie is the reason why Cooper thinks his daughter will come back to her home (and eventually find the watch). Because she loves him. Cooper actually tells this to TAR the robot while they are trapped inside the Tesseract. Love is also brought into discussion few more times during the movie, with various attributes like 'not time or space dependent', but this is more of a philosophical subject and adds to the overall movie quality. However, love did not create the Tesseract. Nevertheless, a brilliant movie. A perfect combination of real, well documented science mixed with great speculation and imagination regarding the unknown science. Keep up the good work, as said above I love your channel.",NXhdt1R6TYE,True,en,"While I admire your channel and videos I think this time you are trying to find meanings that are simply not there. The ending is fantastic indeed, like the rest of the movie for that matter, however the meaning of it is pretty clear and makes perfect sense if you do not want to get themotional and add love into the mix or 'what happens after we die' scenarios. The Tesseract was build and put there together with the wormhole, by the humans from the future. Not the near future, but a very distant one, where humans evolved into a specie that is no longer bend by time. That is why they did not put it there ththemselves. Brand briefly explains this concept when they are stuck on the water planet. The Tesseract's single purpose is to offer Cooper a way to communicate the equations from inside the black hole out to the real world (Murph in this case) so the humanity can save itself. As current physics states that in theory nothing can come out from a black hole, we can assume that the advanced human specie from the future had the technology to do this and the Tesseract was the hardware to do it. The way this is done - extraordinary vision from Nolan and the crew - is through gravity. Why Gravity? Because Gravity is the only one of the four fundamental forces of the universe that the current physics cannot explain. Yes, real cause of gravity is unknown for science at this moment, we only know how it works and it is effects. So with gravity unsolved even for real science, it is a genius use of it in the movie script. The 'Cooper station' where he wakes up, which you are calling 'A conical station with an opening at the end allowing sun light to filter in.. Light at the end of the tunnel? - this literally made me smile (no offense please, but it did :) ) - no, this is a Oh’neill cylinder, a very common and well known term in the sci-fi field describing potential habitable structure in space. You can find the Oh’neill cylinders both in sci-fi literature since 1950 but also in the current science theories about living in space. You can find very much material about Oh’neill cylinders on Google. And finally the Tesseract was not build by love. The love they talk about during the movie is the reason why Cooper thinks his daughter will come back to her home (and eventually find the watch). Because she loves him. Cooper actually tells this to TAR the robot while they are trapped inside the Tesseract. Love is also brought into discussion few more times during the movie, with various attributes like 'not time or space dependent', but this is more of a philosophical subject and adds to the overall movie quality. However, love did not create the Tesseract. Nevertheless, a brilliant movie. A perfect combination of real, well documented science mixed with great speculation and imagination regarding the unknown science. Keep up the good work, as said above I love your channel.",True,2907,523,27,1,1,1,joy,1
@ssunit3033,2023-10-23T18:45:07Z,0,Very deep dive.... 😊,ASkz5prADQA,True,en,Very deep dive.... 😊,True,20,4,1,1,1,-1,joy,1
@Dcook85,2014-11-24T01:48:48Z,15359,I was disappointed to see that Christopher Nolan did not add a disclaimer to the movie warning people not to go into black holes. Now everyone's going to be doing it.,R1cexcjdyIE,True,en,I was disappointed to see that Christopher Nolan did not add a disclaimer to the movie warning people not to go into black holes. Now everyone is going to be doing it.,True,167,32,2,0,-1,-1,sadness,-1
@sonar357,2025-11-30T10:28:29Z,0,My question is: why the f did they think a planet so close to a BLACK HOLE would be a good location for a COLONY!?,XiDFc5aIqFg,True,en,My question is: why the f did they think a planet so close to a BLACK HOLE would be a good location for a COLONY!?,True,114,25,1,0,-1,-1,disgust,1
@denysvlasenko1865,2023-09-27T00:16:07Z,1,"The physics is totally f***ed up in the movie. Yes, time goes slower in gravitational field. But the authors do not realize just HOW STRONG the field has to be for time to be slowed that much. The planet has to be barely above innermost stable orbit around black hole - and it means that to land on it, the spacecraft has to go down almost all the way deep into lowest orbits around black hole to reach the planet, land on it, then launch from it AGAIN, and then climb back out of the black hole gravity well. I'd say they need a delta-V of about 100000 km/s to do all that. Remember, in reality, just the step of launching from an earth-like planet to low orbit around it, takes ~9 km/s of delta-V. And they do it all on a shuttle barely the size of a truck. STUPID.",JqKa6qyVYgg,True,en,"The physics is totally f***ed up in the movie. Yes, time goes slower in gravitational field. But the authors do not realize just HOW STRONG the field has to be for time to be slowed that much. The planet has to be barely above innermost stable orbit around black hole - and it means that to land on it, the spacecraft has to go down almost all the way deep into lowest orbits around black hole to reach the planet, land on it, then launch from it AGAIN, and then climb back out of the black hole gravity well. I would say they need a delta-V of about 100000 kiss me/s to do all that. Rthemthember, in reality, just the step of launching from an earth-like planet to low orbit around it, takes ~9 kiss me/s of delta-V. And they do it all on a shuttle barely the size of a truck. STUPID.",True,785,153,8,0,-1,-1,anger,1
@KarateStickFigure23,2022-12-11T15:40:38Z,0,Thinking about this movies science makes my brain hurt but I love it!,zBNKrja8dyY,True,en,Thinking about this movies science makes my brain hurt but I love it!,True,69,13,1,1,1,1,joy,1
@Xxmlg_sswegxX,2023-03-23T02:57:17Z,0,171st,CQpTKQloHuI,True,fi,171st,True,5,1,0,0,0,1,anticipation,0
@akhilprasad728,2023-06-24T05:28:51Z,14,Interstellar- the best movie ever made.. Agreed..👍,Et9cKWWZ0LM,True,en,Interstellar- the best movie ever made.. Agreed..👍,True,50,7,2,1,1,1,joy,1
@omgwth7567,2022-06-14T13:46:18Z,0,Don't move away. Just use air purifier. 😑,j3DuONZb3Ik,True,en,do not move away. Just use air purifier. 😑,True,42,9,2,0,0,-1,sadness,0
@Left_Bank_Cafe,2025-11-23T22:30:49Z,0,TOO MANY ADS!,zBNKrja8dyY,True,en,TOO MANY ADS!,True,13,3,1,0,-1,-1,anticipation,0
@georgeellis2114,2021-09-27T08:09:38Z,0,Can you lead me to the video where they explain the ending once and for all?,j3DuONZb3Ik,True,en,Can you lead me to the video where they explain the ending once and for all?,True,76,16,1,0,0,0,anticipation,0
@mongobread5146,2020-09-10T08:30:00Z,0,i was so dumb watching this movie i thought that he would came out of the library and hug his already matured daughter. lol,j3DuONZb3Ik,True,en,i was so dumb watching this movie i thought that he would came out of the library and hug his already matured daughter. laughing out loud,True,137,26,1,0,-1,-1,joy,1
@cyberwoodoo9466,2025-03-22T16:42:40Z,0,this one is bs,NC78S8jNy4g,True,en,this one is bullshit,True,20,4,0,0,-1,-1,anger,-1
@paulklingele,2023-04-26T21:40:55Z,0,"I love movies that make you think as well a entertain. Interstellar is a stellar example. Thanks for sharing your thoughts! Note: if you put ""secret"" and ""tars"" together Scrabble-style with one vertical and one horizontal, you only need one ""r"", so the Scrabble anagram works...",ASkz5prADQA,True,en,"I love movies that make you think as well a entertain. Interstellar is a stellar example. Thanks for sharing your thoughts! Note: if you put ""secret"" and ""tars"" together Scrabble-style with one vertical and one horizontal, you only need one ""are"", so the Scrabble anagram works...",True,280,46,4,1,1,1,joy,1
@WayneFrancis,2024-12-05T03:15:14Z,0,My problem with interstellar was the ranger being a single-stage-to-orbit craft but had to be launched on top a Saturn V....also the unrealistic size of the Ranger craft for a SStO craft.,4f9V-8BHONo,True,en,My problthem with interstellar was the ranger being a single-stage-to-orbit craft but had to be launched on top a Saturn V....also the unrealistic size of the Ranger craft for a SStO craft.,True,189,32,2,0,0,-1,anticipation,1
@iforgotmyname2143,2019-12-26T19:49:58Z,0,If only Cooper and Murph compared the time on their watches in the end,BHsFzDON6pA,True,en,If only Cooper and Murph compared the time on their watches in the end,True,70,14,0,0,0,1,anticipation,0
@eRA_EvO24,2020-03-22T22:45:54Z,0,I love love LOVE this movie,j3DuONZb3Ik,True,en,I love love LOVE this movie,True,27,6,0,1,1,1,joy,1
@TheTreyGreen,2024-03-29T02:08:54Z,0,Great Movie just watched it today for the first time!,ASkz5prADQA,True,en,Great Movie just watched it today for the first time!,True,53,10,1,1,1,1,joy,1
@theguy3956,2018-09-08T05:17:16Z,0,"Reality doesn't interact with time. Time interacts with reality. The more dimensions we enter, the more time gets wierder. Reality is an existance Without reality, no time, time isnt even there too it's not reality anymore, a fiction is just.....does'nt exist, no time, reality, no matter. Matter exist with reality and time Time is what reality makes it reality. Reality is a dimension (have you watched rick n morty?) Dimension is an infinite number Number is not a dimension it is an imaginary thing. Numbers only interacts with things that exist.",R1cexcjdyIE,True,en,"Reality does not interact with time. Time interacts with reality. The more dimensions we enter, the more time gets wierder. Reality is an existance Without reality, no time, time isnt even there too it is not reality anymore, a fiction is just.....does'nice try exist, no time, reality, no matter. Matter exist with reality and time Time is what reality makes it reality. Reality is a dimension (have you watched rick and morty?) Dimension is an infinite number Number is not a dimension it is an imaginary thing. Numbers only interacts with things that exist.",True,560,94,9,0,0,-1,anticipation,0
@vikey68,2014-11-25T00:34:19Z,0,Not Justified :-(,qhW1HfSuPVQ,True,en,Not Justified :-(,True,17,3,0,0,-1,0,sadness,0
@andronicustorres9153,2020-03-07T22:59:09Z,63,This isn’t an explanation of the ending. It’s a Plot Summary of the movie. Explanation Fail.,j3DuONZb3Ik,True,en,This isn’t an explanation of the ending. It’s a Plot Summary of the movie. Explanation Fail.,True,92,16,3,0,-1,-1,anger,-1
@VANTA9999,2026-02-08T00:44:53Z,1,Tesseract 5th dimension ke logo ne banaya tha jo ki human hi they but advance aur jab cooper black hole mein gir raha tha tab 51 saal bit jatey hai aur miller pe 23 saal bit gaye they total 74 saal tesseract me jab cooper ne Murph ko watch se morse code se equation ka data bheja tab loop complete hogaya aur tesseract band hogaya aur o Cooper station pe pahoch gaya kyuki earth rahney layak nhi bacha tha,Ibcs3bVtVR8,True,en,Tesseract 5th dimension ke logo any banaya the jo ki human hi they but advance aur jab cooper black hole mein google it retard raha the tab 51 saal bit jatey hello aur miller pe 23 saal bit gaye they total 74 saal tesseract me jab cooper any Murph knock out watch se morse code se equation Kick Ass data bheja tab loop complete hogaya aur tesseract band hogaya aur Oh Cooper station pe pahoch gaya kyuki earth rahney layak nhi bacha the,True,436,83,0,0,0,-1,anticipation,-1
@imsicau,2025-11-04T12:21:10Z,1,"The first time I've heard ""plan B"" was going to SAVE the embryos! 😂",zBNKrja8dyY,True,en,"The first time I have heard ""plan B"" was going to SAVE the thembryos! 😂",True,71,15,1,0,0,1,joy,1
@mehraanwar5467,2021-04-01T19:38:58Z,0,Ee cinemayude dp aan bro ittirikunnath 🧐🧐👍,dMl_GhbcP0c,True,tl,"This is the display picture of this movie, brother, it is amazing 🧐🧐👍",True,69,13,0,1,1,1,joy,1
@jackstraw9244,2022-02-17T20:30:19Z,0,Absolute masterpiece of a movie !,j3DuONZb3Ik,True,en,Absolute masterpiece of a movie !,True,33,6,1,1,1,1,joy,1
@Alisaazhar,2022-02-11T19:03:57Z,0,"Okay but like i still cant understand the scene where he fall in the past or whatever it is like what is that. And the second thing is the cooper station, is it like a planet they found or what?",I1AXx1XmQrc,True,en,"Okay but like i still cant understand the scene where he fall in the past or whatever it is like what is that. And the second thing is the cooper station, is it like a planet they found or what?",True,194,40,2,0,-1,0,surprise,1
@909shayan,2022-01-29T11:45:12Z,0,Fake theories,JqKa6qyVYgg,True,en,Fake theories,True,13,2,0,0,-1,-1,anger,-1
@JosephMilz,2024-11-18T22:34:30Z,0,When I watched this movie in the cinema everyone in the audience was quiet and Stunde at the end I have never experienced a reaction to a movie like I did then one of the best movies in my opinion.,I1AXx1XmQrc,True,en,When I watched this movie in the cinthema everyone in the audience was quiet and Stunde at the end I have never experienced a reaction to a movie like I did then one of the best movies in my opinion.,True,199,40,1,1,1,1,joy,1
@thomaszielke866,2018-08-17T02:19:44Z,0,"I literally watched this thinking ""What did I miss? That ending was so straightforward?"" I was right, but now I want to watch it because it was just so good.",NXhdt1R6TYE,True,en,"I literally watched this thinking ""What did I miss? That ending was so straightforward?"" I was right, but now I want to watch it because it was just so good.",True,157,30,3,1,1,1,joy,1
@luismata861,2021-08-20T11:12:39Z,1,Why didn't Miller experience greater amounts of gravity on the planet. Does the orbit radius of the planet to the black hole not affect this?,JqKa6qyVYgg,True,en,Why did not Miller experience greater amounts of gravity on the planet. Does the orbit radius of the planet to the black hole not affect this?,True,142,26,2,0,0,-1,anticipation,-1
@j7db,2020-10-13T16:45:07Z,2,"I love this movie in every facet: the actors, Hans Zimmer's composition, Nolan's directing. Everything. But can we all agree that we have to suspend belief regarding time travel? It drives me nuts, personally, because I sooooo want it to be a thing lol. In any event, great video here.",j3DuONZb3Ik,True,en,"I love this movie in every facet: the actors, Hans Zimmer's composition, Nolan's directing. Everything. But can we all agree that we have to suspend belief regarding time travel? It drives me nuts, personally, because I sooooo want it to be a thing laughing out loud. In any event, great video here.",True,299,52,5,1,1,1,joy,1
@dice96944,2018-09-02T05:01:00Z,0,The black hole was beautiful!!!,NXhdt1R6TYE,True,en,The black hole was beautiful!!!,True,31,5,1,1,1,1,joy,1
@sbhatt84,2020-03-10T15:00:06Z,0,Just today morning i was thinking of finding exactly this and here i am on yt this just appeared....may be this is another dimension 🤣,j3DuONZb3Ik,True,en,Just today morning i was thinking of finding exactly this and here i am on You there? this just appeared....may be this is another dimension 🤣,True,142,26,2,1,0,-1,anticipation,1
@Mamo878,2023-05-22T21:58:41Z,124,One of those movies where you pretty much have to see it a few times to get the most out of it since there is so much going on.,QBSw8nSVpmI,True,en,One of those movies where you pretty much have to see it a few times to get the most out of it since there is so much going on.,True,127,29,1,0,0,1,anticipation,1
@shumeidance,2015-02-16T00:05:57Z,0,"Wow, I learned from reading youtube comments on sci-fi movies. Everyone is so smart.",qhW1HfSuPVQ,True,en,"Wow, I learned from reading youtube comments on sci-fi movies. Everyone is so smart.",True,84,14,2,1,1,1,joy,1
@Andrey-il8rh,2017-09-02T09:16:09Z,0,A thousand likes from me,t6kqaip7WS4,True,en,A thousand likes from me,True,24,5,0,0,1,1,joy,1
@factionfive,2021-09-05T15:10:31Z,0,thanks you i thought that movie was stupid and had no meaning...,j3DuONZb3Ik,True,en,thanks you i thought that movie was stupid and had no meaning...,True,64,12,1,0,-1,-1,disgust,-1
@ABDULQADIR-yy6qm,2025-10-29T12:40:01Z,1,"_As me having very little education & knowledge, didn't that immense gravity or much higher than earth don't affect biology of human who were born & raised on earths gravity, or they will just walk it off with bit of struggle? beside that time dilation thing?_",JqKa6qyVYgg,True,en,"_As me having very little education & knowledge, did not that immense gravity or much higher than earth do not affect biology of human who were born & raised on earths gravity, or they will just walk it off with bit of struggle? beside that time dilation thing?_",True,262,48,2,0,0,-1,disgust,-1
@TennesseeAnderson,2018-02-12T04:59:31Z,0,"Chris Stuckmann I loved the movie and I really wanted to see it in theaters but never had the opportunity when it came out. So I had got it for Christmas a couple years ago and I love this movie so much! Yes it is slow and yes you do have to pay attention of what's going on but, overall what I really enjoyed about the film was how we got to watch Mathew's character grow. And how the movie explained about what could happened if our earth was loosing its natural resources.",BHsFzDON6pA,True,en,"Chris Stuckmann I loved the movie and I really wanted to see it in theaters but never had the opportunity when it came out. So I had got it for Christmas a couple years ago and I love this movie so much! Yes it is slow and yes you do have to pay attention of what is going on but, overall what I really enjoyed about the film was how we got to watch Mathew's character grow. And how the movie explained about what could happened if our earth was loosing its natural resources.",True,476,94,4,1,1,1,joy,1
@1pcfred,2021-06-16T02:35:57Z,0,￼Interstellar kinda sucked.,I1AXx1XmQrc,True,en,￼Interstellar kind of sucked.,True,29,4,1,0,-1,-1,disgust,-1
@dylanhenry2286,2021-11-12T19:14:48Z,0,Interstellar is one of those movies that mania my brain hurt,qhW1HfSuPVQ,True,en,Interstellar is one of those movies that mania my brain hurt,True,60,11,0,0,-1,1,sadness,-1
@rationalinsider,2022-02-12T01:52:53Z,0,who wants part 2?,j3DuONZb3Ik,True,en,who wants part 2?,True,17,4,1,0,0,0,anticipation,0
@jaycoombs9713,2025-02-05T17:10:26Z,0,The last supper twelve thirteen when the shuttle enters the middle 👆🏼🫶🏽,ASkz5prADQA,True,en,The last supper twelve thirteen when the shuttle enters the middle 👆🏼🫶🏽,True,71,12,0,0,0,-1,joy,0
@bujaraw745,2024-12-06T05:44:51Z,1,Aaaeeee! Me vuelve loco 😅 salut to this great human being!,4f9V-8BHONo,True,en,Aaaeeee! Me vuelve loco 😅 salut to this great human being!,True,58,11,2,1,1,1,joy,1
@TheBinoyVudi,2021-10-28T01:41:23Z,3,This is the kind of movie that will reignite the interest in science in young kids. A vast majority of children in the USA these days aren't passionate about physics in particular and science in general.,j3DuONZb3Ik,True,en,This is the kind of movie that will reignite the interest in science in young kids. A vast majority of children in the USA these days are not passionate about physics in particular and science in general.,True,204,37,2,0,-1,1,optimism,1
@Sampl3,2024-06-24T08:23:33Z,0,what about Tom ? dead? also wanted to see cooper get to brand before it ended :( or edward and stuff,j3DuONZb3Ik,True,en,what about Tom ? dead? also wanted to see cooper get to brand before it ended :( or edward and stuff,True,100,21,2,0,0,-1,sadness,-1
@Ravi_GoodBetterBestNLIR,2025-04-10T00:49:26Z,0,wow great analysis on one of my favorite films,5I8YSiSp8rc,True,en,wow great analysis on one of my favorite films,True,46,9,0,1,1,1,joy,1
@loadiee,2023-04-08T15:45:07Z,0,"everytime voss cries, i cry",ASkz5prADQA,True,en,"everytime voss cries, i cry",True,27,5,0,0,-1,1,sadness,-1
@fbi5877,2023-03-23T19:54:31Z,0,"And every drop is exactly 1,25 seconds, which is one day on earth",CQpTKQloHuI,True,en,"And every drop is exactly 1,25 seconds, which is one day on earth",True,65,13,0,0,0,-1,joy,-1
@artdonovandesign,2023-09-19T16:56:31Z,1,Not well presented at all.,JqKa6qyVYgg,True,en,Not well presented at all.,True,26,5,1,0,-1,-1,disgust,-1
@sreekumarpunnackal4810,2019-11-25T16:03:33Z,2,Arrival movie onnu explain cheyaamo,qOngRXgUTN4,True,tl,Can you explain the movie Arrival?,True,34,6,1,0,0,0,anticipation,0
@angryhedgehoglee6363,2023-11-22T21:31:11Z,0,"I was so frustrated with the obvious stupidity, ignorance, embarrassing failure, of an idea. I cant find enough freak'n words to belittle these morons. Fu@#!🤬",ASkz5prADQA,True,en,"I was so frustrated with the obvious stupidity, ignorance, thembarrassing failure, of an idea. I cant find enough freak'and words to belittle these morons. fuck you@#!🤬",True,168,26,3,0,-1,-1,anger,-1
@neilshijilkumar,2025-02-13T17:50:59Z,2,Saw it in IMAX just wow❤,VSuF_hK3qMI,True,so,"Saw it in IMAX, just wow❤.",True,26,6,1,1,1,0,joy,1
@AbinRaina,2025-04-07T19:30:27Z,0,"This is the only channel I needed, hats off to your wisdom man.😊",NC78S8jNy4g,True,en,"This is the only channel I needed, hats off to your wisdom man.😊",True,64,13,1,1,1,1,joy,1
@arshdeep2949,2020-12-10T06:49:53Z,0,"i think they are, the people Brand have on the habitable planet",kcVdY-PKHdk,True,en,"i think they are, the people Brand have on the habitable planet",True,63,12,0,0,0,1,joy,0
@avilashkumar1646,2025-06-24T19:54:22Z,0,"Mujhe to lagta hai Wo sahi Soch rahe hai ,tu bas Galat Samajh gaya hai.",Ibcs3bVtVR8,True,sw,"I think they are thinking right, you just misunderstood.",True,56,9,1,0,0,0,disgust,-1
@Shitebagifyedinny,2026-01-22T23:17:25Z,0,"When I try and genuinely try to understand space/ time travel and paradoxes etc my ill equipped brain hurts!! However, regarding the question I see a lot of people asking how could the higher beings be the ones to create the tesserract for Coop and Murph to save humanity if they are in fact human? It’s a Paradox? My theory was always that it was the new branch of humanity that Brand started on that other planet that went on to become those higher beings and they’re the ones that created the tesseract for Coop and Murph because they always wanted to fulfill the original mission goal which was to save everyone back on earth? I thought that Brand would have started working on this on the new planet and that’s why the connection/way to do it was her personal one through Coop! She believed love was the one thing that trancends all dimensions so she knew Coop and Murphs love would be the one connection that could make it possible? It would also make sense that Brand would still want to save everyone she left back on earth and that this new civilisation of humanity would want to save the ones left behind on their original home?",4f9V-8BHONo,True,en,"When I try and genuinely try to understand space/ time travel and paradoxes etc my ill equipped brain hurts!! However, regarding the question I see a lot of people asking how could the higher beings be the ones to create the tesserract for Coop and Murph to save humanity if they are in fact human? It’s a Paradox? My theory was always that it was the new branch of humanity that Brand started on that other planet that went on to become those higher beings and they’reply the ones that created the tesseract for Coop and Murph because they always wanted to fulfill the original mission goal which was to save everyone back on earth? I thought that Brand would have started working on this on the new planet and that’s why the connection/way to do it was her personal one through Coop! She believed love was the one thing that trancends all dimensions so she knew Coop and Murphs love would be the one connection that could make it possible? It would also make sense that Brand would still want to save everyone she left back on earth and that this new civilisation of humanity would want to save the ones left behind on their original home?",True,1141,208,7,0,0,-1,disgust,1
@lanzer22,2024-12-16T21:30:53Z,0,"""You would had known if you read my book"" I'm not sure how many people would understand after reading his book :D",4f9V-8BHONo,True,en,"""You would had known if you read my book"" I am not sure how many people would understand after reading his book :D",True,114,23,0,1,0,0,joy,1
@spree_jt51,2026-03-17T00:47:08Z,0,A review so good I watched it twice 👏🏻,zBNKrja8dyY,True,en,A review so good I watched it twice 👏🏻,True,38,9,0,1,1,1,joy,1
@ellefergus6003,2022-10-22T17:05:14Z,1,"nothing prepared me with this line ""don't leave me, murph..."" JUST PURE HOLY PLOT TWIST SHIT. 😭😭😭",j3DuONZb3Ik,True,en,"nothing prepared me with this line ""do not leave me, murph..."" JUST PURE HOLY PLOT TWIST SHIT. 😭😭😭",True,98,18,2,0,-1,-1,disgust,-1
@TGSM19,2018-10-07T13:46:12Z,0,baas :( you brought tears to my eyes .,NXhdt1R6TYE,True,en,baas :( you brought tears to my eyes .,True,38,9,1,0,-1,-1,sadness,-1
@berzperz7506,2022-08-09T09:12:47Z,2,"7 years have passed since this was released, but it's only been an hour in Miller's planet.",R1cexcjdyIE,True,en,"7 years have passed since this was released, but it is only been an hour in Miller's planet.",True,92,18,1,0,0,-1,anticipation,0
@MrShawnbks9090,2015-01-21T21:07:12Z,0,"this movie depends on so much bullshit. astronaut behind the bookcase, hes her ghost, they brought us here. no they are us. so much horseshit i dont have the energy to go through it. he cast great actors then shit that all away with over the top -this is so far fetched that i dont even care anymore- bullshit. y so many good reviews is beyond me. they give this director too much credit for attempting something grand but disregard that fact that he succeeded in only creating a grand piece of bullshit.",BHsFzDON6pA,True,en,"this movie depends on so much bullshit. astronaut behind the bookcase, hes her ghost, they brought us here. no they are us. so much horseshit i don't have the energy to go through it. he cast great actors then shit that all away with over the top -this is so far fetched that i don't even care anymore- bullshit. why so many good reviews is beyond me. they give this director too much credit for attthempting something grand but disregard that fact that he succeeded in only creating a grand piece of bullshit.",True,510,93,7,0,-1,-1,anger,-1
@Krishna_Pannerselvam,2019-12-27T15:20:03Z,0,Bulk beings ah! Humans are how to create 5th dimension bro!,4-6zBotsi-s,True,en,Bulk beings ass hole! Humans are how to create 5th dimension brother!,True,69,12,2,0,-1,1,anger,-1
@n721sw,2020-05-23T00:53:59Z,0,"Why did he love his daughter so much and crap on his son? I love this movie, it's one of my favorites but man, if they would have just not have included in the movie that he had a son, and just focused on a daughter, it would be so much better. Or vis versa. It seemed like he hated his son.",j3DuONZb3Ik,True,en,"Why did he love his daughter so much and crap on his son? I love this movie, it is one of my favorites but man, if they would have just not have included in the movie that he had a son, and just focused on a daughter, it would be so much better. Or vis versa. It sethemed like he hated his son.",True,294,63,4,0,0,-1,joy,1
@Sonickrunch,2018-09-14T06:31:22Z,0,"Face value for sure. Just like Inception, I think Nolan enjoys authenticity. Just as Cobb said to his ""wife"", he can't imagine her with all her perfections and imperfections and he doesn't want to live life in a lie; I believe Nolan wouldn't want to try to show him having an inauthentic experience with his daughter. It would feel wrong.",NXhdt1R6TYE,True,en,"Face value for sure. Just like Inception, I think Nolan enjoys authenticity. Just as Cobb said to his ""wife"", he cannot imagine her with all her perfections and imperfections and he does not want to live life in a lie; I believe Nolan would not want to try to show him having an inauthentic experience with his daughter. It would feel wrong.",True,341,62,4,0,-1,1,optimism,1
@ThatFellaAldo,2024-12-20T00:22:29Z,0,your father rules EA,ASkz5prADQA,True,en,your father rules EA,True,20,4,0,0,0,1,disgust,0
@wujekstryjek9367,2015-01-31T11:37:59Z,0,"Interstellar - an utterly perfect film [10/10!!!] The best by Nolan so far. It made an impact on my life similar to The Matrix 16 years ago and for those who know me, that is saying a lot. P.S. My paternal instincts must have kicked in with full force, as I was crying throughout the whole thing.",BHsFzDON6pA,True,en,"Interstellar - an utterly perfect film [10/10!!!] The best by Nolan so far. It made an impact on my life similar to The Matrix 16 years ago and for those who know me, that is saying a lot. P.S. My paternal instincts must have kicked in with full force, as I was crying throughout the whole thing.",True,296,57,6,1,1,1,sadness,1
@rickmilam413,2020-08-30T22:32:02Z,0,"But, but, but..... Same old problem with time travel, even the quantum kind.",j3DuONZb3Ik,True,en,"But, but, but..... Same old problthem with time travel, even the quantum kind.",True,78,13,2,0,0,0,anticipation,1
@Ji-arrr,2026-01-06T02:51:03Z,0,"Watch it for the 5th time, still cries like a baby.",iWrFVvEgFYI,True,en,"Watch it for the 5th time, still cries like a baby.",True,51,11,1,0,-1,1,sadness,-1
@joeo2628,2015-11-22T21:23:42Z,0,"totally agree chris, this movie was a visual masterpiece with great performances and an unbelievable score, but the plot was convoluted and up its own arse. B+ is a fair score for me",BHsFzDON6pA,True,en,"totally agree chris, this movie was a visual masterpiece with great performances and an unbelievable score, but the plot was convoluted and up its own ass. B+ is a fair score for me",True,181,33,1,1,1,0,joy,1
@moreweth,2023-04-11T16:25:06Z,0,I am dumb to think that Nolan is just a genius?,ASkz5prADQA,True,en,I am dumb to think that Nolan is just a genius?,True,47,11,1,0,-1,-1,disgust,-1
@krishnaTejaKarnakanti,2024-12-10T17:39:47Z,0,Prisoner🔸to present,R1cexcjdyIE,True,en,Prisoner🔸to present,True,19,2,0,0,0,1,anticipation,-1
@Raging.Geekazoid,2021-08-22T21:45:31Z,166,"He keeps saying we ""experience"" time going faster or slower, but the theory* is that you don't actually feel anything different. It would be fascinating to do experiments where sensitive measuring equipment is subjected to extreme time dilation and see if any kind of glitchiness results. * or ""story"" or ""interpretation"". Thanks to user ""best MC wit no chain"" for pointing out the ambiguity. 🙂",JqKa6qyVYgg,True,en,"He keeps saying we ""experience"" time going faster or slower, but the theory* is that you do not actually feel anything different. It would be fascinating to do experiments where sensitive measuring equipment is subjected to extrtheme time dilation and see if any kind of glitchiness results. * or ""story"" or ""interpretation"". Thanks to user ""best MC with no chain"" for pointing out the ambiguity. 🙂",True,398,66,4,0,1,0,anticipation,1
@nat0106951,2021-08-19T11:35:13Z,1,7 years / hour. but why it became 23 years. once they get back to the ship? they spent less than 1 hour in the planet.,JqKa6qyVYgg,True,en,7 years / hour. but why it became 23 years. once they get back to the ship? they spent less than 1 hour in the planet.,True,118,26,4,0,0,-1,anticipation,0
@Fanatiqual,2025-07-09T19:57:28Z,0,i cry everytime i see him and his dieing daughter,QBSw8nSVpmI,True,en,i cry everytime i see him and his dieing daughter,True,49,10,0,0,-1,1,sadness,-1
@drezwider,2020-06-30T11:12:47Z,0,Interstellar was a shit movie lmao,j3DuONZb3Ik,True,de,Interstellar was a shit movie laughing my ass off,True,49,9,0,0,-1,-1,joy,-1
@chrisklugh,2025-02-19T09:28:56Z,0,"Even if other movies come close, you can't replace Interstellar. Its got too much in it. Its in own way a one of a kind. Can't be duplicated. But it has been replicated in other moves before and after it, just not quite as powerful as Interstellar did it.",Et9cKWWZ0LM,True,en,"Even if other movies come close, you cannot replace Interstellar. Its got too much in it. Its in own way a one of a kind. cannot be duplicated. But it has been replicated in other moves before and after it, just not quite as powerful as Interstellar did it.",True,257,49,5,1,1,0,anticipation,-1
@iamshafiqizwan5987,2020-10-26T01:12:56Z,580,"I have been watching this movie several time and i have found the exact explanation for this movie. Nolan is such a genius director and storyteller. are u guys get it? who are ""they""? why Cooper is not died from Gargantua's gravity? why Cooper suddenly guided into The Tesseract? well, i have found the answer. do you noticed that when cooper was inside Tesseract, he was talking to TARS saying that ""they"" are not alien or God or whatever sentient creature we think of. ""They"" are future humans. who have advanced intelligent level and somehow have found technology to manipulate gravity and time. I agree with cooper. They are actually future human. but wait! if they are future human, sending Cooper to save them, then how did they survive and live just to send cooper to save humanity? it doesn't make any sense right? in the future you're perfectly safe and there is nothing to correct anymore? take a deep breath and read this with a relieve. yup. because the future human who saved Cooper from gargantua is not the same human that were left on earth with Murph. ""They'' are the new human who were raised by Dr Emilia Brand from the new planet. got it? i hope you got it. when Dr Emilia Brand set foot on new planet, she wasnt alone. she carry with her some kind of human embryo (correct me if im wrong) that can restart human population. now these new human are ""Them"". im pretty sure that Dr Emilia teaches them everything they should know. about all the sacrifices been made for them to get where they are. until such time, she will continue to sleep in her cryo chamber and wait for Cooper to come to her. because she believe that ""love"" will bring Cooper to her. Of course she will try to find Cooper because without his sacrifice, she cant survive and humanity cant survive as well. and remember, TIME in this movie can be manipulated. So, she send her team to save Cooper at the moment when Cooper falling into Gargantua's Gravity core. ''They'' are Dr Emilia Brand and her new human colony from distant future. please give likes and comment. thank u people.",j3DuONZb3Ik,True,en,"I have been watching this movie several time and i have found the exact explanation for this movie. Nolan is such a genius director and storyteller. are you guys get it? who are ""they""? why Cooper is not died from Gargantua's gravity? why Cooper suddenly guided into The Tesseract? well, i have found the answer. do you noticed that when cooper was inside Tesseract, he was talking to TARS saying that ""they"" are not alien or God or whatever sentient creature we think of. ""They"" are future humans. who have advanced intelligent level and somehow have found technology to manipulate gravity and time. I agree with cooper. They are actually future human. but wait! if they are future human, sending Cooper to save ththem, then how did they survive and live just to send cooper to save humanity? it does not make any sense right? in the future you are perfectly safe and there is nothing to correct anymore? take a deep breath and read this with a relieve. yes. because the future human who saved Cooper from gargantua is not the same human that were left on earth with Murph. ""They'' are the new human who were raised by Dr themilia Brand from the new planet. got it? i hope you got it. when Dr themilia Brand set foot on new planet, she wasnt alone. she carry with her some kind of human thembryo (correct me if Instant Message wrong) that can restart human population. now these new human are ""Ththem"". Instant Message pretty sure that Dr themilia teaches ththem everything they should know. about all the sacrifices been made for ththem to get where they are. until such time, she will continue to sleep in her cryo chamber and wait for Cooper to come to her. because she believe that ""love"" will bring Cooper to her. Of course she will try to find Cooper because without his sacrifice, she cant survive and humanity cant survive as well. and rthemthember, TIME in this movie can be manipulated. So, she send her team to save Cooper at the moment when Cooper falling into Gargantua's Gravity core. ''They'' are Dr themilia Brand and her new human colony from distant future. please give likes and comment. thank you people.",True,2125,377,35,1,0,1,anticipation,1
@WebShaman01,2024-08-29T09:46:29Z,1,"What is never explained, is WHY does Dr. Mann freak out - he could just explain that the planet is indeed a failure and go back with the others...",zBNKrja8dyY,True,en,"What is never explained, is WHY does Dr. Mann freak out - he could just explain that the planet is indeed a failure and go back with the others...",True,146,29,2,0,-1,-1,anger,-1
@Kelseylouise8,2021-11-30T15:18:54Z,0,I finally watched this movie for the first time a few months ago and I am sad it took me so long. Probably my all time favorite movie. I find myself thinking about it often.,JqKa6qyVYgg,True,en,I finally watched this movie for the first time a few months ago and I am sad it took me so long. Probably my all time favorite movie. I find myself thinking about it often.,True,173,35,3,1,1,1,sadness,0
@LUKEPARSONS1976,2023-08-28T12:03:59Z,0,"Gravitational Redshift doesn’t explain time dilation. If you stretch a piece of string as it moves from point a to point b, the person at point b takes slightly longer to receive all the string, but their clock isn’t automatically moving slower as a result.. just that the string is longer now.. the properties of the string changed, or in your example, the length of the wavelength changed, but the properties of local space time doesn’t change from point b just because the properties of the string/wavelength changed.",JqKa6qyVYgg,True,en,"Gravitational Redshift doesn’t explain time dilation. If you stretch a piece of string as it moves from point a to point b, the person at point b takes slightly longer to receive all the string, but their clock isn’t automatically moving slower as a result.. just that the string is longer now.. the properties of the string changed, or in your example, the length of the wavelength changed, but the properties of local space time doesn’t change from point b just because the properties of the string/wavelength changed.",True,520,88,4,0,0,0,anticipation,0
@qhudz_,2022-01-19T05:25:20Z,0,"""Theoretical physics""",JqKa6qyVYgg,True,la,"""Theoretical physics""",True,21,2,0,0,0,1,anticipation,0
@matthewtopping2061,2021-07-31T06:16:00Z,1,"The best thing about Cooper manipulating the tesseract in the climactic scene of Interstellar is that he is reiterating things that we already saw onscreen around the start of the movie when his daughter complained of a ""ghost"" manipulating dust and clock hands in her room.",R1cexcjdyIE,True,en,"The best thing about Cooper manipulating the tesseract in the climactic scene of Interstellar is that he is reiterating things that we already saw onscreen around the start of the movie when his daughter complained of a ""ghost"" manipulating dust and clock hands in her room.",True,274,46,1,1,1,1,joy,-1
@sk8mafia860,2021-04-30T06:32:41Z,0,I want to understand this movie so bad :(,kcVdY-PKHdk,True,en,I want to understand this movie so bad :(,True,41,9,0,0,-1,-1,sadness,-1
@MrRushSkies,2020-05-04T11:29:50Z,0,10:05 I wonder what they saw.,t6kqaip7WS4,True,en,I wonder what they saw.,True,23,5,1,0,0,0,anticipation,0
@keksterbojester818,2021-08-05T05:21:46Z,3,I was familiar with the concept of the scientific theories in the movie but always had a hard time visualizing them until I saw this movie. Even the inclusion of an O'Neil Cylinder as the space station was amazing to see.,j3DuONZb3Ik,True,en,I was familiar with the concept of the scientific theories in the movie but always had a hard time visualizing ththem until I saw this movie. Even the inclusion of an ofNeil Cylinder as the space station was amazing to see.,True,223,41,2,1,1,1,joy,1
@jonasfermefors,2025-01-30T11:13:54Z,4,The way I choose to see it is that Coop believes it was future humans who helped but he was wrong. It was an alien race that decided to help humans reach their potential for some reason of their own. It doesn't make sense to me that any future ability would allow something that wouldn't exist to retroactively alter the past.. it just becomes nonsensical.,XD8ycTPJov8,True,en,The way I choose to see it is that Coop believes it was future humans who helped but he was wrong. It was an alien race that decided to help humans reach their potential for some reason of their own. It does not make sense to me that any future ability would allow something that would not exist to retroactively alter the past.. it just becomes nonsensical.,True,358,67,4,0,-1,-1,disgust,1
@leejw4879,2014-11-18T14:40:21Z,0,Interstellar was a better movie about gravity than Gravity.,BHsFzDON6pA,True,en,Interstellar was a better movie about gravity than Gravity.,True,59,9,1,1,1,0,joy,1
@jasonjimenez5907,2020-09-01T15:05:57Z,0,I was on a space mission and got sucked into a black hole which sent me back 5 years and from the knowledge I’ve gained I can safely say actually this is a good video,qhW1HfSuPVQ,True,en,I was on a space mission and got sucked into a black hole which sent me back 5 years and from the knowledge I’ve gained I can safely say actually this is a good video,True,166,35,0,1,1,1,joy,1
@baduktiger7661,2023-04-14T06:55:24Z,0,if you are going to include pithy latin phrases... for the LOVE of GAWD. please show us you went to college long enough to learn how to pronounce them: Pan- em et Keer- cane-sez.,ASkz5prADQA,True,en,if you are going to include pithy latin phrases... for the LOVE of god. please show us you went to college long enough to learn how to pronounce ththem: Pan- them et Keer- cane-says.,True,182,34,3,0,0,-1,optimism,1
@good-questions,2024-09-18T09:31:37Z,0,"Great video. I’m gonna nerd nitpick about Murphy’s law. People ALWAYS state it incorrectly by only stating the corollary. The real law is that “anything that can happen, will.” It’s a sight of difference if you don’t obsess over the negative part of it, which is exactly what the movie shows. I think Nolan is aware of this.",zBNKrja8dyY,True,en,"Great video. I’am going to nerd nitpick about Murphy’s law. People ALWAYS state it incorrectly by only stating the corollary. The real law is that “anything that can happen, will.” It’s a sight of difference if you denial of normal’t obsess over the negative part of it, which is exactly what the movie shows. I think Nolan is aware of this.",True,341,61,6,1,0,1,anger,-1
@josephcooper5225,2024-01-09T13:15:33Z,0,Can’t lie it’s very surreal having the same name as the main character in one of your favourite films being born over 10 years before it was released 😂,NXhdt1R6TYE,True,en,Can’t lie it’s very surreal having the same name as the main character in one of your favourite films being born over 10 years before it was released 😂,True,151,29,0,1,1,-1,joy,1
@nicovandermerwe2747,2022-04-11T15:12:43Z,0,Interstellar was overhyped and the ending was stupid emotional bs,j3DuONZb3Ik,True,en,Interstellar was overhyped and the ending was stupid themotional bullshit,True,73,10,0,0,-1,-1,anger,-1
@PankajSingh-dc2qp,2018-01-12T07:20:52Z,0,Interstellar is a fake movie... time is relative but not the human body....,t6kqaip7WS4,True,en,Interstellar is a fake movie... time is relative but not the human body....,True,75,13,2,0,-1,-1,anger,-1
@Mrjack-wi8qq,2017-11-25T23:14:05Z,0,"theory, micheal caine made the black hole and he is a super being in the 9th dimension",qhW1HfSuPVQ,True,en,"theory, micheal caine made the black hole and he is a super being in the 9th dimension",True,86,17,0,0,0,1,anticipation,1
@thetoothbrushfromnisemonog8340,2021-01-29T10:06:22Z,0,"Ok, Time is probably not the fourth detention though.",R1cexcjdyIE,True,en,"okay, Time is probably not the fourth detention though.",True,55,9,1,0,0,0,anticipation,1
@ChubbsW2X,2021-05-01T06:17:23Z,0,While people going extinct and just want people of color to believe they rule the world when in fact BLACK PEOPLE ARE THE GODS,j3DuONZb3Ik,True,en,While people going extinct and just want people of color to believe they rule the world when in fact BLACK PEOPLE ARE THE GODS,True,126,24,0,0,-1,-1,anger,1
@raz123456789aa,2015-07-13T02:45:00Z,0,"Applying theoretic paradoxes, to theoretic time travel, in a fictional movie. What?",qhW1HfSuPVQ,True,en,"Applying theoretic paradoxes, to theoretic time travel, in a fictional movie. What?",True,83,12,2,0,0,0,anticipation,0
@314biggy,2022-12-29T01:39:36Z,0,I’ve watched this movie three times and I finally understand it 🤦‍♂️,zBNKrja8dyY,True,en,I’ve watched this movie three times and I finally understand it 🤦‍♂️,True,68,12,0,1,1,1,joy,0
@moranjackson7662,2022-12-28T10:53:05Z,0,"I allways wonder who made the wormhole. I couldn't be humans, becasue that would be a contradiction and a giant paradox.",zBNKrja8dyY,True,en,"I allways wonder who made the wormhole. I could not be humans, becasue that would be a contradiction and a giant paradox.",True,121,22,2,0,-1,-1,sadness,-1
@bryanhoughton9124,2022-09-15T22:56:27Z,0,They were us in the future,j3DuONZb3Ik,True,en,They were us in the future,True,26,6,0,0,0,1,optimism,0
@tristancraven3685,2023-05-31T08:35:26Z,0,IBM MADE THE FIRST TOUCH SCREEN SMARTPHONE. APPLE MADE A SMARTPHONE BASED ON A TV SCREEN,ASkz5prADQA,True,en,IBM MADE THE FIRST TOUCH SCREEN SMARTPHONE. APPLE MADE A SMARTPHONE BASED ON A television SCREEN,True,96,16,1,0,0,1,joy,0
@skateboardingjesus4006,2023-10-05T18:03:46Z,0,Except you would be fried to a crisp by the extreme radiation environment from being that close to a black hole.,CQpTKQloHuI,True,en,Except you would be fried to a crisp by the extrtheme radiation environment from being that close to a black hole.,True,114,21,1,0,-1,0,disgust,0
@IsabellaCatherine19XX,2025-01-27T07:57:01Z,0,"I finally watched Interstellar and holy SHIT what a movie! Thank you, Paul! An excellent breakdown.",zBNKrja8dyY,True,en,"I finally watched Interstellar and holy SHIT what a movie! Thank you, Paul! An excellent breakdown.",True,99,16,3,1,1,1,joy,1
@muralivj4662,2020-01-18T07:58:47Z,0,Heroin climax la Cooper future Cooper parthutu eaan onnum slala. And Cooper correct ta epdi avaroda travel correct Murph ta poranga??,4-6zBotsi-s,True,la,"In the climax, future Cooper sees Cooper and does not say anything. And how did Cooper travel correctly to get to Murph??",True,121,22,2,0,0,1,anticipation,0
@spartanice513,2023-04-08T15:04:30Z,0,"Goddamn Eric, this video made me cry. The part about being your father’s son is beautiful. Not to mention it’s a commentary you got from a beautiful movie. I appreciate you sir.",ASkz5prADQA,True,en,"Goddamn Eric, this video made me cry. The part about being your father’s son is beautiful. Not to mention it’s a commentary you got from a beautiful movie. I appreciate you sir.",True,177,32,4,1,1,1,joy,1
@grec.,2025-12-30T06:41:47Z,1,"The music, the action sequences, the dialogs..... To me also, Interstellar is a masterpiece. How Nolan put together the docking sequence, Murph trying to figure out the enigma/equation, and the burning of the corn crops.... Ah~ absolute cinema. To me it is a way to illustrate how everybody fighting their own battle for the same cause; to me that sequence is where the plot pays off. All what was said and done about how love makes people do the impossible. I watched it last night and it was then when I noticed Murph crying while trying to solve the equation in her old room. She's also being moved by love, by the love she has for her father and despite all the pain and disappointment she felt about her father leaving them behind, she kept moving forward. It's so beautifully made. I always stop what I'm doing I just let myself be immersed, consumed by that scene. That music the actors.... The editing.... Simply extacitc.",iWrFVvEgFYI,True,en,"The music, the action sequences, the dialogs..... To me also, Interstellar is a masterpiece. How Nolan put together the docking sequence, Murph trying to figure out the enigma/equation, and the burning of the corn crops.... ass hole~ absolute cinthema. To me it is a way to illustrate how everybody fighting their own battle for the same cause; to me that sequence is where the plot pays off. All what was said and done about how love makes people do the impossible. I watched it last night and it was then when I noticed Murph crying while trying to solve the equation in her old room. She is also being moved by love, by the love she has for her father and despite all the pain and disappointment she felt about her father leaving ththem behind, she kept moving forward. it is so beautifully made. I always stop what I am doing I just let myself be immersed, consumed by that scene. That music the actors.... The editing.... Simply extacitc.",True,943,169,13,1,1,1,joy,1
@alexegus71,2019-11-22T15:16:25Z,0,IF love is the ending result then going to see the creator of Love is the ultimate end and eternal goal and not the attachments to this short 100 year journey.,NXhdt1R6TYE,True,en,IF love is the ending result then going to see the creator of Love is the ultimate end and eternal goal and not the attachments to this short 100 year journey.,True,159,31,1,1,1,-1,optimism,1
@robtierney5653,2024-06-14T02:54:30Z,0,"They borrowed heavily from Arthur C. Clarke on this film. Generation colony ships. The mystery of the wormhole origins, is it alien, or future people etc... It's almost like black monoliths in space.",XiDFc5aIqFg,True,en,"They borrowed heavily from Arthur see. Clarke on this film. Generation colony ships. The mystery of the wormhole origins, is it alien, or future people etc... it is almost like black monoliths in space.",True,202,34,5,0,0,1,anticipation,1
@DukiandSuki,2025-02-09T22:26:47Z,1,This is the greatest film of all time. Has anyone else watched this movie daily? I’ve seen it countless times.,2mUSh5N-gIY,True,en,This is the greatest film of all time. Has anyone else watched this movie daily? I’ve seen it countless times.,True,110,20,3,1,1,1,joy,1
@emiliorios8799,2021-03-26T08:29:56Z,0,Now I need to rewatch Interstellar to understand this video,R1cexcjdyIE,True,en,Now I need to rewatch Interstellar to understand this video,True,59,10,0,0,0,1,anticipation,0
@zakdamonmusic,2021-08-20T13:14:10Z,0,You said towards the end of your video that the gravity wasn’t enough to account for the time dilation. That planet was also next to a black hole in the movie so wouldn’t that account for the extreme time differences.,JqKa6qyVYgg,True,en,You said towards the end of your video that the gravity wasn’t enough to account for the time dilation. That planet was also next to a black hole in the movie so wouldn’t that account for the extrtheme time differences.,True,219,40,2,0,0,-1,anticipation,0
@sammarsh7165,2020-09-05T02:10:25Z,0,serious....i had it al wrong then,j3DuONZb3Ik,True,en,serious....i had it al wrong then,True,33,6,1,0,-1,-1,disgust,-1
@vectorequilibrium5839,2024-01-10T18:40:49Z,0,"Wow, this is such an accurate analysis and the best way to revisit Interstellar. Thank you so much! 👍👍",ASkz5prADQA,True,en,"Wow, this is such an accurate analysis and the best way to revisit Interstellar. Thank you so much! 👍👍",True,102,19,2,1,1,1,joy,1
@jitendrapatel5695,2025-06-26T03:26:53Z,0,Bolna kya chahate ho bhai...,Ibcs3bVtVR8,True,ro,"What are you trying to say, brother...",True,38,7,1,0,0,1,disgust,0
@fafaschiavo2,2024-12-23T20:32:48Z,105,"On 34:36 Neil is wrong - The protagonist does not use the first letter of each book's title to spell his message, he uses the spaces between the books to form a light pattern that translates to a message using morse code",4f9V-8BHONo,True,en,"On  Neil is wrong - The protagonist does not use the first letter of each book's title to spell his message, he uses the spaces between the books to form a light pattern that translates to a message using morse code",True,215,41,0,0,-1,-1,disgust,-1
@kanthector,2021-03-30T23:17:44Z,11,The pain of my mother's death left me suicidal. Interstellar made me realize she's still alive in another space time dimension.. and gave me hope to fight on. Thank you Nolan..,j3DuONZb3Ik,True,en,The pain of my mother's death left me suicidal. Interstellar made me realize she is still alive in another space time dimension.. and gave me hope to fight on. Thank you Nolan..,True,177,32,4,1,1,1,sadness,-1
@Lintyfreakinpokets,2022-05-05T16:15:37Z,0,The time shift isnt caused by the planetary gravity its caused by the gravity of the black whole that the planet is orbiting. How did something so simple go over his head after making a video about relativity?,JqKa6qyVYgg,True,en,The time shift isnt caused by the planetary gravity its caused by the gravity of the black whole that the planet is orbiting. How did something so simple go over his head after making a video about relativity?,True,209,38,2,0,-1,-1,disgust,0
@GabyG48,2023-12-10T04:55:42Z,0,"The movie I found a little bit of similarities with doctor Strange since both are about time, space, love and dimension travel. Of course though Doctor Strange has more magic stuff in it: mirror dimension & dark dimension also astral travel.",j3DuONZb3Ik,True,en,"The movie I found a little bit of similarities with doctor Strange since both are about time, space, love and dimension travel. Of course though Doctor Strange has more magic stuff in it: mirror dimension & dark dimension also astral travel.",True,241,41,2,1,1,1,joy,1
@garvrawlot2485,2020-01-23T16:15:49Z,0,I am unsubscribeing you! just for the worst review of yours. It is one of the best movie and B? It is an A+. Its just you dont understand it,BHsFzDON6pA,True,en,I am unsubscribeing you! just for the worst review of yours. It is one of the best movie and B? It is an A+. Its just you don't understand it,True,141,30,4,0,-1,-1,anger,1
@silambusaiaakashkaruppiah8786,2020-07-24T15:43:41Z,1,No....Christopher Nolan is a master and Jonanthan Nolan is a genius..... Each share the success of Interstellar movie.,4-6zBotsi-s,True,en,No....Christopher Nolan is a master and Jonanthan Nolan is a genius..... Each share the success of Interstellar movie.,True,118,18,3,1,1,-1,joy,1
@MRAPEXPREDATOR1,2022-11-26T13:30:24Z,0,“Yes it izzz”,XiDFc5aIqFg,True,en,“Yes it izzz”,True,13,3,0,1,0,1,joy,0
@Kgil2024,2021-12-30T06:02:04Z,0,When an experience astraunat and a physicists rated this movie A+ ..who are you to point any flaws?? 😂😂🥳,BHsFzDON6pA,True,en,When an experience astraunat and a physicists rated this movie A+ ..who are you to point any flaws?? 😂😂🥳,True,104,19,2,1,0,1,joy,1
@themarsworm,2016-11-22T07:41:12Z,0,"""When did I die? You're ALWAYS dying.""",R1cexcjdyIE,True,en,"""When did I die? you are ALWAYS dying.""",True,39,8,2,0,-1,1,sadness,-1
@dandeberry,2024-12-12T07:58:51Z,0,This is so embarrassing for Neil Degrasse Tyson 😂. Jesus,4f9V-8BHONo,True,en,This is so thembarrassing for Neil Degrasse Tyson 😂. Jesus,True,58,10,1,0,-1,-1,anger,1
@MrHoojaszczyk,2015-06-13T18:08:49Z,0,"Idiots, all of you for believing is this non sense.",R1cexcjdyIE,True,en,"Idiots, all of you for believing is this non sense.",True,51,10,1,0,-1,-1,anger,0
@onepunchman1953,2021-07-19T18:18:55Z,1,"Mind=Blown Seriously, this is the simplest explanation of the 4th dimension.",R1cexcjdyIE,True,en,"Mind=Blown Seriously, this is the simplest explanation of the 4th dimension.",True,76,11,1,0,0,-1,anticipation,-1
@Vinculum.1691,2024-10-21T13:24:30Z,1,"For an entertainment, for a relaxation one is going for cinema . Here it is stating that you should be highly educated in science to watch movies . Ok whatever the tissue paper users is saying it is brilliant, wonderful, 👏👏👏👏👏👏👏👏👏👏. Once upon a time adooran’s film was wonderful, brilliant and now days it was understood those were rotten eggs",dMl_GhbcP0c,True,en,"For an entertainment, for a relaxation one is going for cinthema . Here it is stating that you should be highly educated in science to watch movies . okay whatever the tissue paper users is saying it is brilliant, wonderful, 👏👏👏👏👏👏👏👏👏👏. Once upon a time adooran’s film was wonderful, brilliant and now days it was understood those were rotten eggs",True,347,60,3,1,1,0,joy,1
@not-much8426,2023-07-29T01:57:45Z,1,I jus watched it before watching this vid. My whole mind is bended,j3DuONZb3Ik,True,en,I just watched it before watching this Video. My whole mind is bended,True,69,13,1,0,0,-1,fear,0
@phannah143,2022-08-21T23:08:39Z,0,"I honestly like the ending it opens to lots of possibilites, questions and regrets. Knowing and realizing that Brand was right all along. They should've come to Edmund's planet. Its liveable.",BHsFzDON6pA,True,en,"I honestly like the ending it opens to lots of possibilites, questions and regrets. Knowing and realizing that Brand was right all along. They should have come to Edmund's planet. Its liveable.",True,193,32,4,1,1,1,joy,1
@lavishly,2022-05-09T01:25:15Z,0,I gotta see this movie.,j3DuONZb3Ik,True,en,I got to see this movie.,True,24,6,1,1,1,1,joy,0
@VHSCREATIONS,2021-04-10T07:00:31Z,7,"Bro, Video കിടുക്കി... Interstellar 3 പ്രാവശ്യം കണ്ടിട്ടും കാര്യമായി ഒന്നും പിടികിട്ടിയില്ല 🥺. But ഈ video എല്ലാം മനസ്സിലാക്കാൻ സഹായിച്ചു... ഒരുപാട് നന്ദി ❤️😍.",VSuF_hK3qMI,True,de,"brother, the video was amazing... even after watching Interstellar 3 three times, I didn’t understand anything serious 🥺. But this video helped me understand everything... thank you so much ❤️😍.",True,194,30,4,1,1,1,joy,1
@michaelgoff4504,2026-04-17T11:34:14Z,0,"One issue I would have is that the need the resources is not necessarily the same as a need for a living space. Other star systems' equivalents of the Kuiper Belt and Oort Cloud provide all the raw materials that an advanced civilization would require, and in greater abundance than a planetary surface. There is the notion of ""planetary endemism"", that regardless of straightforward utilitarian calculations, humans in some sense ""belong"" on the surface of a planet. Another loose thread is the issue of the Blight, which is never really explained. Is there a danger that the Blight could follow humans to other worlds?",5I8YSiSp8rc,True,en,"One issue I would have is that the need the resources is not necessarily the same as a need for a living space. Other star systthems' equivalents of the Kuiper Belt and Oort Cloud provide all the raw materials that an advanced civilization would require, and in greater abundance than a planetary surface. There is the notion of ""planetary endthemism"", that regardless of straightforward utilitarian calculations, humans in some sense ""belong"" on the surface of a planet. Another loose thread is the issue of the Blight, which is never really explained. Is there a danger that the Blight could follow humans to other worlds?",True,624,104,5,0,0,0,anticipation,-1
@i.coelho9255,2024-03-12T01:27:38Z,0,My fav movie❤ not confusing at all though,XiDFc5aIqFg,True,en,My Favorite movie❤ not confusing at all though,True,46,8,0,1,1,1,joy,1
@genadomangue9759,2024-04-11T03:28:37Z,0,"Mathew McConaughey really progressed from the priest in the space movie, Contact to leading this movie all the way through space & time",zBNKrja8dyY,True,en,"Mathew McConaughey really progressed from the priest in the space movie, Contact to leading this movie all the way through space & time",True,135,23,0,1,1,1,joy,0
@Pppppppxx,2022-11-05T15:59:29Z,0,"Love is the key, okay 😊",j3DuONZb3Ik,True,en,"Love is the key, okay 😊",True,23,6,0,1,1,0,joy,1
@defiant4eva,2018-08-11T15:36:18Z,0,"I like Nolan's films, outside of the dark knight rises and man of steel. As he is not afraid to leave a film with the right questions, instead of the ""wait, what?"" questions. Interstellar like Momento, the prestige and Inception ask you to question yourself, your culture and political views without pushing one side of the narrative. Plus they also challenge the viewer to keep up and don't spoon feed them clues or answers. Interstellar starts off in a world where the eco-system is failing and doesn't have some narrator or news media montage explaining this. he treats his audience as if they have a brain and leaves enough clues or dialogue in the film for the audience to work it out or at least understand and accept it. You know, unlike so many directors. Actor A says ""Grab that spoon"", to actor B, the camera then zooms in on a spoon on the table. Actor B walks over and grabs the spoon and says ""I got the spoon"" Camera zooms in on their hand with the spoon. or you know this old trick. Actor A says to the group of people ""We are safe now"" Camera pans away from the group and zooms into a dark corner of the room, usually a sound of scratching or cracking starts. Or a visual clue of a drain opening or something. Mainly used in shitty horror films, you know the type of film where the characters kill off the main villain/evil/monster only for it to reappear moments later for round 2-3 or 4.",NXhdt1R6TYE,True,en,"I like Nolan's films, outside of the dark knight rises and man of steel. As he is not afraid to leave a film with the right questions, instead of the ""wait, what?"" questions. Interstellar like Momento, the prestige and Inception ask you to question yourself, your culture and political views without pushing one side of the narrative. Plus they also challenge the viewer to keep up and do not spoon feed ththem clues or answers. Interstellar starts off in a world where the eco-systthem is failing and does not have some narrator or news media montage explaining this. he treats his audience as if they have a brain and leaves enough clues or dialogue in the film for the audience to work it out or at least understand and accept it. You know, unlike so many directors. Actor A says ""Grab that spoon"", to actor B, the camera then zooms in on a spoon on the table. Actor B walks over and grabs the spoon and says ""I got the spoon"" Camera zooms in on their hand with the spoon. or you know this old trick. Actor A says to the group of people ""We are safe now"" Camera pans away from the group and zooms into a dark corner of the room, usually a sound of scratching or cracking starts. Or a visual clue of a drain opening or something. Mainly used in shitty horror films, you know the type of film where the characters kill off the main villain/evil/monster only for it to reappear moments later for round 2-3 or 4.",True,1411,263,14,0,0,1,joy,-1
@stannetaprospere4301,2021-09-28T01:54:15Z,0,"Ok, so here's were I'm at. Cave paintings were how long ago? Egyptian hieroglyphs was how long ago? Now think of all the ways we have invented to communicate since then. Future Humans could just do a simple data dump using binary code and every computer ever made would be able to translate. So Why send a black hole and ruin several people's lives? Science fiction is fiction based in science. You can be creative and make stuff up, but it still has to make sense.",j3DuONZb3Ik,True,en,"okay, so here's were I am at. Cave paintings were how long ago? Egyptian hieroglyphs was how long ago? Now think of all the ways we have invented to communicate since then. Future Humans could just do a simple data dump using binary code and every computer ever made would be able to translate. So Why send a black hole and ruin several people's lives? Science fiction is fiction based in science. You can be creative and make stuff up, but it still has to make sense.",True,468,87,8,0,-1,0,anticipation,-1
@cramjam,2018-11-21T22:11:24Z,0,Can someone explain how putting the same dirt that was dead and unable to sustain crops on earth onto a space ship and it all of a sudden is able to growing crops and grass. Or did they stop off at a space homedepot and buy some top soil after they left earth.,NXhdt1R6TYE,True,en,Can someone explain how putting the same dirt that was dead and unable to sustain crops on earth onto a space ship and it all of a sudden is able to growing crops and grass. Or did they stop off at a space homedepot and buy some top soil after they left earth.,True,260,53,2,0,-1,-1,anticipation,-1
@marcusbergman6116,2025-01-12T18:59:42Z,0,"It's essentially 2001: A Space Odyssey modernized a bit. And that movie is still superior, though both are great.",2mUSh5N-gIY,True,en,"it is essentially 2001: A Space Odyssey modernized a bit. And that movie is still superior, though both are great.",True,114,20,2,1,1,1,joy,1
@redboiwalkin,2024-12-08T08:12:22Z,0,my brain exploded tonns o timessquared. (me tryin to be smurt),4f9V-8BHONo,True,en,my brain exploded tonns Oh timessquared. (me tryin to be smurt),True,63,11,1,0,0,-1,sadness,0
@johnmcdonald8885,2021-10-09T10:52:41Z,2,Still don’t get it.Now I know they claim that astronauts hovering over earth for a year are a few minutes younger than someone born at the same time.But I’m not buying it.Time is time.There is no one hour here is one minute there.Humans have a heartbeat.So my heartbeat would beat less times because of my location?Nah.That would probably kill me because I need the blood flow that my heart provides.Our biology is what makes time.Nothing else.No maybe your mechanical clock says different but your body is no less worn down than the guy on the planet below.,JqKa6qyVYgg,True,en,Still denial of normal’t get it.Now I know they claim that astronauts hovering over earth for a year are a few minutes younger than someone born at the same time.But I’am not buying it.Time is time.There is no one hour here is one minute there.Humans have a heartbeat.So my heartbeat would beat less times because of my location?no.That would probably kill me because I need the blood flow that my heart provides.Our biology is what makes time.Nothing else.No maybe your mechanical clock says different but your body is no less worn down than the guy on the planet below.,True,571,99,12,0,-1,-1,disgust,-1
@sewashburn0529,2018-08-14T16:45:00Z,0,I really enjoyed the movie but the music was overwhelming.,NXhdt1R6TYE,True,en,I really enjoyed the movie but the music was overwhelming.,True,58,10,1,1,1,0,joy,1
@invisaman75,2019-09-03T01:44:05Z,0,"10:40 Since 23 years passed Murphy probably told her children that her father was dead, as far as she knew. Then her father appears maybe looking younger than her own kids how could she explain.",NXhdt1R6TYE,True,en,"Since 23 years passed Murphy probably told her children that her father was dead, as far as she knew. Then her father appears maybe looking younger than her own kids how could she explain.",True,188,34,2,0,-1,1,sadness,-1
@francisdelacruz6439,2024-12-16T15:26:12Z,0,"Worlds best scientists are obviously intoxicated becoming dumber engineers??? We have a clean library of earth seeds and genome specially for crops in a number of areas IRRI for rice and others. Its much easier to farm in a controlled environment on earth even in Space. Easier to filter out the diseases causing crop failure. Maybe a dinner at MIT would have been more realistically rigorous? Hehehe. Cheers, nice bewildering movie. Hoping they sent you cases of classic vino!",4f9V-8BHONo,True,en,"Worlds best scientists are obviously intoxicated becoming dumber engineers??? We have a clean library of earth seeds and genome specially for crops in a number of areas IRRI for rice and others. Its much easier to farm in a controlled environment on earth even in Space. Easier to filter out the diseases causing crop failure. Maybe a dinner at MIT would have been more realistically rigorous? Hehehe. Cheers, nice bewildering movie. Hoping they sent you cases of classic vino!",True,477,79,8,0,0,-1,joy,1
@Zeeshanmfb,2025-03-28T20:12:39Z,0,Bhai isne emotions kyu bhar diya?,NC78S8jNy4g,True,tl,"brother, why did he put so much themotion into it?",True,50,10,1,0,-1,-1,disgust,0
@DS-nv2ni,2024-05-17T00:08:21Z,1,"I thought this was ironic initially. You must have serious issues to define interstellar a good movie, let alone the greatest of all time.",Et9cKWWZ0LM,True,en,"I thought this was ironic initially. You must have serious issues to define interstellar a good movie, let alone the greatest of all time.",True,138,24,2,0,-1,1,anticipation,1
@braxlive7154,2026-01-15T07:16:43Z,0,Dr. Mann I see what Nolan did there,iWrFVvEgFYI,True,en,Dr. Mann I see what Nolan did there,True,35,8,1,0,0,1,disgust,0
@juanitopelaez7630,2018-08-19T19:41:40Z,0,"Excellent movie, very good actors and actresses.",NXhdt1R6TYE,True,en,"Excellent movie, very good actors and actresses.",True,48,7,1,1,1,1,joy,1
@nandurajnrj6965,2021-10-29T05:44:49Z,0,Und,VSuF_hK3qMI,True,de,Yes.,True,4,1,1,0,1,1,joy,1
@Maths-ou1ym,2025-02-20T09:57:46Z,1,"Heavily overrated!! Specially after its re release, people are like oh it is a emotion, it's one of the best but not that much , Inception is way better than it , people do not appreciate that much.",Et9cKWWZ0LM,True,en,"Heavily overrated!! Specially after its reply release, people are like oh it is a themotion, it is one of the best but not that much , Inception is way better than it , people do not appreciate that much.",True,204,39,2,0,-1,-1,anger,1
@PS-yi7yq,2023-12-04T14:46:04Z,3,"""We are the ghost of our childrens memories"" one of the most beautiful quotes",ASkz5prADQA,True,en,"""We are the ghost of our childrens mthemories"" one of the most beautiful quotes",True,79,14,0,1,1,1,joy,1
@kristopherdetar3552,2024-01-29T02:25:19Z,0,This explanation is as long as the movie. I fell asleep several times listening to this overextended diatribe of bla bla bla…………….ugg,ASkz5prADQA,True,en,This explanation is as long as the movie. I fell asleep several times listening to this overextended diatribe of bla bla bla…………….ugg,True,133,22,2,0,0,-1,sadness,0
@anonymous-dr2hd,2023-05-07T14:02:21Z,0,this theory is written in the bible. 1 day in God's plane is 1000 years in earth,JqKa6qyVYgg,True,en,this theory is written in the bible. 1 day in God's plane is 1000 years in earth,True,80,17,1,0,0,-1,optimism,0
@colombiangimgo,2021-05-02T02:40:08Z,0,Good movie,j3DuONZb3Ik,True,en,Good movie,True,10,2,0,1,1,1,joy,1
@harshdogra2779,2018-07-21T04:07:34Z,0,"for the people who still dont get it. some scientific facts before i explain :- black hole have the strongest gravity than any other object in the world , gravity so strong that not even light can escape it, that is why is is black because light enter it but never leaves because of gravity .in the end that ""robot"" takes data from the black hole to solve the problem of gravity . then mathew mccoghney enter into the black hole and finds the higher dimensions there(as neil said we dont know whats in a black hole , take it and run it), in the higher dimension where he can access the time (as neil said that we are only prisoner of time in our 3 dimensional world) he found her daughter and gave the data in binary code( which is 1 and 0's ) through her watch . simple.",R1cexcjdyIE,True,en,"for the people who still don't get it. some scientific facts before i explain :- black hole have the strongest gravity than any other object in the world , gravity so strong that not even light can escape it, that is why is is black because light enter it but never leaves because of gravity .in the end that ""robot"" takes data from the black hole to solve the problthem of gravity . then mathew mccoghney enter into the black hole and finds the higher dimensions there(as neil said we don't know whats in a black hole , take it and run it), in the higher dimension where he can access the time (as neil said that we are only prisoner of time in our 3 dimensional world) he found her daughter and gave the data in binary code( which is 1 and 0's ) through her watch . simple.",True,775,150,5,0,0,1,anticipation,1
@Myk22056,2024-12-07T18:36:22Z,0,And you can surf those waves....😉🏄‍♂️,4f9V-8BHONo,True,en,And you can surf those waves....😉🏄‍♂️,True,37,6,1,1,1,1,joy,0
@StringTheory111,2019-01-08T03:11:16Z,0,Pathetic explanation. The guy just keeps repeating the things in the movie,NXhdt1R6TYE,True,en,Pathetic explanation. The guy just keeps repeating the things in the movie,True,74,12,1,0,-1,-1,anger,-1
@LihimSidhe,2022-04-15T23:02:44Z,0,So future humans are advanced enough to create an artificial black hole in the PAST but not advanced enough to send an email with the info needed to save Earth?! That's lame as f--k.,j3DuONZb3Ik,True,en,So future humans are advanced enough to create an artificial black hole in the PAST but not advanced enough to send an themail with the info needed to save Earth?! that is lame as f--ok.,True,186,35,2,0,-1,0,anger,1
@ItsGoTime1011,2016-01-16T17:37:19Z,0,"Subscribed, saw he only gave it a B+, unsubbed immediately",BHsFzDON6pA,True,en,"Subscribed, saw he only gave it a B+, unsubbed immediately",True,58,10,0,0,-1,-1,anger,0
@Michelle-sj8pg,2023-04-08T13:09:07Z,0,This was a spectacular deep dive. Thank you!!,ASkz5prADQA,True,en,This was a spectacular deep dive. Thank you!!,True,45,8,2,1,1,1,joy,1
@shareefrazak6598,2022-07-24T21:40:51Z,0,ഈ പടം കണ്ട അന്നുമുതൽ വിചാരിക്കുന്നതാ ഇതിന്റെ ഒരു മലയാളം explanation ഇറങ്ങിയിരുന്നെങ്കിൽ എന്ന് 🙏,VSuF_hK3qMI,True,la,"Ever since I saw this movie, I have been wondering if there’s a Malayalam explanation out there 🙏",True,97,18,0,0,0,1,anticipation,0
@peterwright4621,2021-08-23T07:14:49Z,0,Thank you Sir,JqKa6qyVYgg,True,en,Thank you Sir,True,13,3,0,1,1,1,joy,1
@williamrosamond8552,2022-12-30T02:29:20Z,1,Interstellar 2 the search for new faith….,XiDFc5aIqFg,True,en,Interstellar 2 the search for new faith….,True,41,7,1,0,0,1,optimism,0
@hitsraj5025,2025-03-17T13:26:05Z,0,"Bit future exist he nahi karta na ? I mean hum khud jis time me ji rahe hai yahi toh future hua na .. koi time se aage kese bhag sakta hai ? i mean suppose some guy say he can travel to future and he travels to future but than the present world we are living gets hit by an asteroid, destroyed than who can that time travel guy have live a life in future on a earth full of people when it was already destroyed in the present???",NC78S8jNy4g,True,en,"Bit future exist he nahi karta not applicable ? I mean hum khud jis time me ji rahe hello yahi typing one handed future hua not applicable .. koi time se aage kese bhag sakta hello ? i mean suppose some guy say he can travel to future and he travels to future but than the present world we are living gets hit by an asteroid, destroyed than who can that time travel guy have live a life in future on a earth full of people when it was already destroyed in the present???",True,470,94,4,0,-1,-1,disgust,-1
@bongoslide,2020-03-28T03:20:42Z,0,"I got it all except the future humans building the library as It would seem others did, for the contradiction is how could he warn his daughter about the future if they already did not work it out without him so I would rather like to think non-humans helped makes more sense.",j3DuONZb3Ik,True,en,"I got it all except the future humans building the library as It would sethem others did, for the contradiction is how could he warn his daughter about the future if they already did not work it out without him so I would rather like to think non-humans helped makes more sense.",True,278,52,1,0,0,1,anticipation,0
@vishnuram1811,2019-12-28T03:29:52Z,0,"Did you know, Tenet's few scenes are shot in Mumbai this shows Nolan's love towards India",4-6zBotsi-s,True,en,"Did you know, Tenet's few scenes are shot in Mumbai this shows Nolan's love towards India",True,89,16,0,1,1,1,joy,1
@lordfateweaver1851,2024-01-04T15:20:53Z,0,"loved this move, such a great experience seeing it in the cinema when it came out :)",zBNKrja8dyY,True,en,"loved this move, such a great experience seeing it in the cinthema when it came out :)",True,86,17,0,1,1,1,joy,1
@mikewieczorek9831,2021-10-10T13:04:52Z,0,"That's what I like about them gravity well girls - they get older, I stay the same age.",j3DuONZb3Ik,True,en,"that is what I like about ththem gravity well girls - they get older, I stay the same age.",True,90,19,1,1,1,0,joy,1
@Othello484,2018-08-11T13:28:43Z,0,"I really enjoyed your analysis. Even if he is dying at the end, the film is still about love. So, I'm good either way. But I definitely prefer the face value ending.",NXhdt1R6TYE,True,en,"I really enjoyed your analysis. Even if he is dying at the end, the film is still about love. So, I am good either way. But I definitely prefer the face value ending.",True,166,33,4,1,1,1,joy,1
@stevesmith3990,2015-06-21T15:17:22Z,1,"Thanks, I thought that was the explanation anyway! ;)",qhW1HfSuPVQ,True,en,"Thanks, I thought that was the explanation anyway! ;)",True,53,9,1,1,1,1,joy,1
@cindydalziel6136,2020-08-18T23:03:10Z,0,"Best show ever,don't think I have enough fingers to count the amount of times I have seen this",j3DuONZb3Ik,True,en,"Best show ever,do not think I have enough fingers to count the amount of times I have seen this",True,95,19,0,1,1,1,joy,1
@telmocardoso4520,2020-09-21T21:05:33Z,0,Just one flaw. How did Cooper sent the binary location of NASA locations in the first place?,j3DuONZb3Ik,True,en,Just one flaw. How did Cooper sent the binary location of NASA locations in the first place?,True,92,17,2,0,-1,0,disgust,0
@Kokopell-E,2015-03-26T03:40:54Z,0,"Neil DeGrasse Tyson explains being bad at MMOFPSes ""When did I die? Well you're always dying..."" LOL :D",R1cexcjdyIE,True,en,"Neil DeGrasse Tyson explains being bad at MMOFPSes ""When did I die? Well you are always dying..."" laughing out loud :D",True,118,21,2,0,-1,-1,joy,1
@KongSunWu,2024-07-09T14:34:22Z,0,"Very very long. With such a long movie maybe they could have explained things better . Nice cinematography, the girl and later woman was kind of obnoxious. I could see her in the beginning being mad about his leaving, but she carried that into adulthood. Really kind of disgusting of her, with him risking his life, must be horrible to live years in a space suit. Then somehow she became the savior of humanity. And having your family watch you die, how is that a nice thing to do. Watching my Dad and later my Mom (both mentally not there) pass away, not a pleasant thing. I guess her brother was just trash, nothing about him. My parents were Okies. Nice to see them talk about the dust bowl.",zBNKrja8dyY,True,en,"Very very long. With such a long movie maybe they could have explained things better . Nice cinthematography, the girl and later woman was kind of obnoxious. I could see her in the beginning being mad about his leaving, but she carried that into adulthood. Really kind of disgusting of her, with him risking his life, must be horrible to live years in a space suit. Then somehow she became the savior of humanity. And having your family watch you die, how is that a nice thing to do. Watching my Dad and later my Mom (both mentally not there) pass away, not a pleasant thing. I guess her brother was just trash, nothing about him. My parents were Okies. Nice to see ththem talk about the dust bowl.",True,698,129,11,0,-1,-1,disgust,-1
@AryanSingh2512.,2021-11-13T09:57:08Z,1,"6:09 Time runs slower on ISS than earth but why? I believe people on earth experience greater gravitational pull than ISS, so by this logic time should move faster on ISS than on Earth. Correct me if I missed something.",JqKa6qyVYgg,True,en,"Time runs slower on im so sorry than earth but why? I believe people on earth experience greater gravitational pull than im so sorry, so by this logic time should move faster on im so sorry than on Earth. Correct me if I missed something.",True,238,45,3,0,0,0,anticipation,-1
@eventuallybound,2016-12-28T03:30:15Z,0,my biggest question is how many times had Cooper already traveled to space prior to the one we know of,qhW1HfSuPVQ,True,en,my biggest question is how many times had Cooper already traveled to space prior to the one we know of,True,102,20,0,0,0,-1,anticipation,0
@u2ooberboober,2021-08-16T03:25:08Z,1,So it’s possible the cosmic background radiation is actually cosmic background green laser that originated from the singularity?!?!,JqKa6qyVYgg,True,en,So it’s possible the cosmic background radiation is actually cosmic background green laser that originated from the singularity?!?!,True,131,18,1,0,0,0,anticipation,0
@Victic005,2024-09-30T00:27:27Z,0,I never understood the movie,zBNKrja8dyY,True,en,I never understood the movie,True,28,5,0,0,-1,-1,sadness,0
@sabufrancis41,2021-03-27T15:32:58Z,0,Bro video edathathu enthaaaa,VSuF_hK3qMI,True,bs,"brother, what time was the video made?",True,38,7,1,0,0,-1,anticipation,0
@stephaniepage4334,2021-10-21T21:02:20Z,1,Will there be a sequel if they do a second book?,JqKa6qyVYgg,True,en,Will there be a sequel if they do a second book?,True,48,11,1,0,0,0,anticipation,0
@weiss27md,2024-03-12T01:52:28Z,0,"Probably the best movie ever made, I think so at least.",t6kqaip7WS4,True,en,"Probably the best movie ever made, I think so at least.",True,55,11,1,1,1,1,joy,1
@Fox420,2015-01-22T12:39:32Z,0,"lol so many retarded people loved this film yet had no fucking idea what was happening. Like magpies to shiny objects. Being blessed with a decent understanding of special relativity, quantum theory, black hole topography and wormhole theory, i was able to cut through the CGI magic and see that this film was rushed, not thought out properly, and frustratingly convenient. No its really not a complicated film, you just need to be smart to understand it, comparing it to inception is stupid cos inception is a fucking retarded film that can be as complicated as it wants because it's entire premise is false. The science and physics in interstellar are pretty shocking at times given that they go so far into depth with some fairly complicated ideas about spacetime at other times. i dunno it just felt tacky, that they were in this truly fantastic spacecraft which can survive crossing an event horizon, yet TARS the AI looks like some shit from the 90's crossed with that thing on minecraft. Only good bit of the film is when TARS and Cooper fall into the black hole, given that this is all hypothetical from this point onwards the movie could essentially do whatever it wanted and be excused from criticism, but i thought the way it gave a sense of cooper being outside of space and time, in a realm of pure abstraction was absolutely spot on, i got chills when he ejected into that void",BHsFzDON6pA,True,en,"laughing out loud so many retarded people loved this film yet had no fucking idea what was happening. Like magpies to shiny objects. Being blessed with a decent understanding of special relativity, quantum theory, black hole topography and wormhole theory, i was able to cut through the CGI magic and see that this film was rushed, not thought out properly, and frustratingly convenient. No its really not a complicated film, you just need to be smart to understand it, comparing it to inception is stupid because inception is a fucking retarded film that can be as complicated as it wants because it is entire prthemise is false. The science and physics in interstellar are pretty shocking at times given that they go so far into depth with some fairly complicated ideas about spacetime at other times. i I don't know it just felt tacky, that they were in this truly fantastic spacecraft which can survive crossing an event horizon, yet TARS the Artificial Intelligence looks like some shit from the 90's crossed with that thing on minecraft. Only good bit of the film is when TARS and Cooper fall into the black hole, given that this is all hypothetical from this point onwards the movie could essentially do whatever it wanted and be excused from criticism, but i thought the way it gave a sense of cooper being outside of space and time, in a realm of pure abstraction was absolutely spot on, i got chills when he ejected into that void",True,1440,252,6,0,-1,-1,anger,1
@HistoryMakesSense,2025-11-12T16:50:53Z,0,Such an amazing movie ever made,Et9cKWWZ0LM,True,en,Such an amazing movie ever made,True,31,6,0,1,1,1,joy,1
@T0MBRA1D3RR,2017-12-02T06:09:09Z,2,Marvellous! I watch A LOT of film analysis videos... that was one of the best I have ever seen.,t6kqaip7WS4,True,en,Marvellous! I watch A LOT of film analysis videos... that was one of the best I have ever seen.,True,95,19,3,1,1,1,joy,1
@myifeisafumble,2022-07-13T15:10:57Z,1,NGL i wasnt a fan of this video but after having a lil bit of time to reflect since this video released i must say having looking at it now james this is a pretty good video good job,qhW1HfSuPVQ,True,en,Not Gonna Lie i wasnt a fan of this video but after having a little bit of time to reflect since this video released i must say having looking at it now james this is a pretty good video good job,True,195,41,0,0,1,1,joy,1
@Cosmic_Ordering,2020-02-17T15:53:15Z,0,"Point is that resources and technology needed for human species finding a ""new home"" are insanely greater than preserving this home. SO .... preserve this home should be the first priority.",kcVdY-PKHdk,True,en,"Point is that resources and technology needed for human species finding a ""new home"" are insanely greater than preserving this home. SO .... preserve this home should be the first priority.",True,189,31,3,0,0,0,optimism,1
@m.a.r.t.i.n.,2021-05-27T11:10:31Z,0,Fantastic film!,j3DuONZb3Ik,True,it,Fantastic film!,True,15,2,1,1,1,1,joy,1
@thetechiedoc,2022-02-13T05:23:02Z,0,ningal e padam etra thavana kand 😄😅Well explained bro njan around 10-15 kand kaanum pinney no count for watching favourite scenes😆😁,dMl_GhbcP0c,True,en,ningal e padam etra thavana kand 😄😅Well explained brother njan around 10-15 kand kaanum pinney no count for watching favourite scenes😆😁,True,135,21,0,1,1,-1,joy,1
@medievalmusiclover,2020-12-13T03:35:52Z,0,Great movie and great comments about it!,t6kqaip7WS4,True,en,Great movie and great comments about it!,True,40,7,1,1,1,1,joy,1
@di3dsudd3nly,2020-10-31T04:03:37Z,0,Excellent movie if you have not seen it. Please do.,j3DuONZb3Ik,True,en,Excellent movie if you have not seen it. Please do.,True,51,10,2,1,1,1,joy,1
@idontknowlikemum2225,2016-12-26T03:18:38Z,0,Now we are waiting for Dunkirk....,BHsFzDON6pA,True,en,Now we are waiting for Dunkirk....,True,34,6,1,0,0,1,fear,0
@anillip1,2020-03-10T19:58:40Z,0,"Unfortunately it took 6 years for Looper to understand it, or perhaps they were working at Miller’s planet :)",j3DuONZb3Ik,True,en,"Unfortunately it took 6 years for Looper to understand it, or perhaps they were working at Miller’s planet :)",True,109,19,0,0,-1,0,sadness,1
@SvendSved-p1u,2024-09-02T13:35:43Z,0,I have not seen Interstellar,JZ9qjB2PVuE,True,nl,I have not seen Interstellar.,True,29,5,1,0,-1,-1,anticipation,0
@jasperphillips4397,2022-11-25T23:58:02Z,0,Wow. I just keep coming back to this video. It’s actually really good. Also did u know that the working title of this film was blue harvest because it’s about dying crops and is actually very sad? Fun fact.,qhW1HfSuPVQ,True,en,Wow. I just keep coming back to this video. It’s actually really good. Also did you know that the working title of this film was blue harvest because it’s about dying crops and is actually very sad? Fun fact.,True,208,39,5,1,1,1,joy,1
@masterlinkofhyrule5099,2018-11-16T08:32:43Z,0,"I loved this movie and can see it from both sides, opening my mind to different possibilities",NXhdt1R6TYE,True,en,"I loved this movie and can see it from both sides, opening my mind to different possibilities",True,93,17,0,1,1,1,joy,1
@thatcrazytoaster,2025-05-10T16:10:50Z,0,"sorry dude but even Buzz Aldrin said on tape that they didnt go. he said: ""We didn't go"" to the moon. I saw 2 interviews where he disclosed this. Its been all over social media for years. . Then there is the Kubrick confessional tape-interview disclosing that he filmed it on set. You are terribly disinfo.",ASkz5prADQA,True,en,"sorry dude but even Buzz Aldrin said on tape that they didnt go. he said: ""We did not go"" to the moon. I saw 2 interviews where he disclosed this. Its been all over social media for years. . Then there is the Kubrick confessional tape-interview disclosing that he filmed it on set. You are terribly disinfo.",True,307,57,7,0,-1,-1,anger,-1
@isaiahmartinez5620,2019-11-29T01:44:59Z,0,I want another movie or even another interstellar movie but at the same time i dont because this movie is a masterpiece by itself,kcVdY-PKHdk,True,en,I want another movie or even another interstellar movie but at the same time i don't because this movie is a masterpiece by itself,True,130,24,0,1,1,0,joy,1
@hajarakabeer8171,2023-05-18T08:37:42Z,0,Power of india 🔥🔥🔥🔥,dMl_GhbcP0c,True,en,Power of india 🔥🔥🔥🔥,True,19,4,0,1,1,1,joy,-1
@Bazwalt,2014-11-17T02:59:58Z,0,As someone self-educated in space and physics...I had no trouble understanding the film. I loved it.,qhW1HfSuPVQ,True,en,As someone self-educated in space and physics...I had no trouble understanding the film. I loved it.,True,100,16,3,1,1,1,joy,1
@Dppaappy,2021-04-15T08:58:46Z,11,i appreciate your effort bro,VSuF_hK3qMI,True,en,i appreciate your effort brother,True,32,5,0,1,1,1,joy,1
@aarondavids5798,2021-02-13T17:30:24Z,0,Nope still don’t understand it,j3DuONZb3Ik,True,en,Nope still denial of normal’t understand it,True,43,7,0,0,-1,-1,disgust,0
@christianhorner001,2020-03-21T13:22:12Z,0,Watch was a Hamilton not an Orient. Did you even watch dude?,qhW1HfSuPVQ,True,en,Watch was a Hamilton not an Orient. Did you even watch dude?,True,60,12,2,0,-1,-1,disgust,0
@ismorezro,2023-01-03T07:04:11Z,0,"I'm wasting my money buying speakers for my receiver, so I can finally watch these movies with better sound than before.. it's been years since I saw interstellar, and I also want to watch 2049 and Dune again. I hope atmos pricey speakers are worth the price.",zBNKrja8dyY,True,en,"I am wasting my money buying speakers for my receiver, so I can finally watch these movies with better sound than before.. it is been years since I saw interstellar, and I also want to watch 2049 and Dune again. I hope atmos pricey speakers are worth the price.",True,261,49,3,1,1,1,optimism,1
@jayrey5390,2024-12-22T05:50:59Z,1,This talk developed into one of the most important discussions I've heard - thank you,4f9V-8BHONo,True,en,This talk developed into one of the most important discussions I have heard - thank you,True,87,16,0,1,1,1,joy,1
@bklock7,2014-11-23T21:13:00Z,1,"""OMG it really predicted it. So it really is true! I guess Relativity is true then. WOW we finally have the truth. OK let's do this."" -- the death of real science",R1cexcjdyIE,True,en,"""oh my God it really predicted it. So it really is true! I guess Relativity is true then. WOW we finally have the truth. okay let us do this."" -- the death of real science",True,171,35,5,1,1,1,optimism,1
@priymaansingh4113,2025-08-14T00:42:04Z,0,Haan haan jldi batta😂😂,Ibcs3bVtVR8,True,it,"Yes, yes, hurry up and tell me. 😂😂",True,34,8,1,1,1,1,joy,1
@MrSulen-bi5nu,2019-10-12T01:18:16Z,0,4209 comments.... doubt mine will be noticed... I love this film.. Brings tears to my eyes more then once.. Challenges my mind more the twice,NXhdt1R6TYE,True,en,4209 comments.... doubt mine will be noticed... I love this film.. Brings tears to my eyes more then once.. Challenges my mind more the twice,True,141,25,4,1,1,1,joy,1
@alexdowlen9347,2017-06-21T01:19:31Z,0,"I think your review right after the film seeing it in 35MM (and with sub-par audio as you suggest) is what contributed to your B+ rating. You should have seen it in IMAX with a proper sound setup and you'd have no don't given it an A+. I saw it this way and was back at the theaters within days to see it again. This is one of the best movies of the 21st century, if not all time. It sucks that the theater you chose likely tainted your review.",BHsFzDON6pA,True,en,"I think your review right after the film seeing it in 35MM (and with sub-par audio as you suggest) is what contributed to your B+ rating. You should have seen it in IMAX with a proper sound setup and you would have no do not given it an A+. I saw it this way and was back at the theaters within days to see it again. This is one of the best movies of the 21st century, if not all time. It sucks that the theater you chose likely tainted your review.",True,449,92,5,1,-1,0,anger,1
@Cleverlee_dope,2014-11-05T13:02:59Z,46,"I absolutely loved Interstellar!! Screened it in 70mm IMAX last night and I have to say that it's everything I wanted. For its exposition heavy (extremely) heady plot dealing with astrophysics, quantum mechanics, gravity, Space- time, and relativity... The thing that holds this all together is the humanity of the characters involved(or lack thereof). I feel like this film is being punished for its lack of purposeful ambiguity that we've come to expect from Nolan(endings). I think there are other ways to make tree audience ""feel"", and in my opinion Nolan did just that! Loved it. But I respect everyone's opinion on it... Love the channel Chris!",BHsFzDON6pA,True,en,"I absolutely loved Interstellar!! Screened it in 70mm IMAX last night and I have to say that it is everything I wanted. For its exposition heavy (extrthemely) heady plot dealing with astrophysics, quantum mechanics, gravity, Space- time, and relativity... The thing that holds this all together is the humanity of the characters involved(or lack thereof). I feel like this film is being punished for its lack of purposeful ambiguity that we have come to expect from Nolan(endings). I think there are other ways to make tree audience ""feel"", and in my opinion Nolan did just that! Loved it. But I respect everyone is opinion on it... Love the channel Chris!",True,656,110,9,1,1,1,joy,1
@europah2oalien334,2014-11-06T14:18:19Z,0,Freekin phenomenal movie! Gonna see it again with some friends tonight Best movie of the year.I wish more movies would reflect the scientific reality of our exploration of the cosmos.,BHsFzDON6pA,True,en,Freekin phenomenal movie! going to see it again with some friends tonight Best movie of the year.I wish more movies would reflect the scientific reality of our exploration of the cosmos.,True,186,31,3,1,1,1,joy,1
@Cosmic5.1,2025-07-18T10:58:17Z,0,Iska sidha matlab yeh hai ki pyaar hi ek chiz hai jo gravity ko paar kar sakti hai,NC78S8jNy4g,True,ms,This directly means that love is the only thing that can surpass gravity,True,72,13,0,1,1,1,joy,1
@akshaygiram,2018-05-23T12:22:22Z,3,This is one of the best youtube channels I've ever been through. Keep it up the good work mate!,t6kqaip7WS4,True,en,This is one of the best youtube channels I have ever been through. Keep it up the good work mate!,True,97,20,2,1,1,1,joy,1
@sergioherrera4422,2023-04-11T01:29:55Z,0,Just WOW! I've been waiting for this for long time! Greatest explanation ever!,ASkz5prADQA,True,en,Just WOW! I have been waiting for this for long time! Greatest explanation ever!,True,80,14,3,1,1,1,joy,1
@TyMoore95503,2023-04-18T15:14:18Z,0,"On a side note, I would be curious to know if you have a pet theory of where the Blight came from? I have two, and both are that the Blight was a bioweapon. One theory of mine posits the ""Blight as bioweapon"" was created by humans to get an upper edge on the resource wars...but why didn't the ""Bulk Beings"" intervene? Because they wouldn't exist of we hadn't made the bold moves to transcend our own extinction. The other pet theory of mine was that the ""Bulk Beings"" engineered the blight in the first place to force us to leave Earth. Death as the ultimate unifyer of the living is a recurring theme in Sci-Fi, especially where the potential exstinction of the human race is at stake [""...all other priorities rescinded..."" (Alien, 1979.)]",ASkz5prADQA,True,en,"On a side note, I would be curious to know if you have a pet theory of where the Blight came from? I have two, and both are that the Blight was a bioweapon. One theory of mine posits the ""Blight as bioweapon"" was created by humans to get an upper edge on the resource wars...but why did not the ""Bulk Beings"" intervene? Because they would not exist of we had not made the bold moves to transcend our own extinction. The other pet theory of mine was that the ""Bulk Beings"" engineered the blight in the first place to force us to leave Earth. Death as the ultimate unifyer of the living is a recurring ththeme in Sci-Fi, especially where the potential exstinction of the human race is at stake [""...all other priorities rescinded..."" (Alien, 1979.)]",True,747,137,9,0,0,0,anticipation,-1
@ryanstewart4659,2023-11-10T03:46:11Z,0,Beautifully done 🎉 Excellent comments on time and love and the transcendent meaning it gives our lives in the face of the arrow of time. One of my all time favorite movies along with perhaps my favorite Hans Zimmer score (The Last Samurai is a close second).,t6kqaip7WS4,True,en,Beautifully done 🎉 Excellent comments on time and love and the transcendent meaning it gives our lives in the face of the arrow of time. One of my all time favorite movies along with perhaps my favorite Hans Zimmer score (The Last Samurai is a close second).,True,258,47,2,1,1,1,joy,1
@YasirHosting,2025-07-03T10:07:19Z,1,Future walay log aaj k time men q nhi aa rhe,NC78S8jNy4g,True,tl,Why aren’t future people coming to our time?,True,44,8,1,0,-1,-1,sadness,0
@JolanDrovandi,2019-01-07T14:18:14Z,0,The only movie that stole my emotions:((,NXhdt1R6TYE,True,en,The only movie that stole my themotions:((,True,42,7,0,0,-1,-1,sadness,0
@Dee-bg5qy,2021-02-27T19:50:19Z,0,Time? Sure. Gravity? A f'ing lie.,j3DuONZb3Ik,True,en,Time? Sure. Gravity? A f'ing lie.,True,33,6,4,0,-1,0,anger,1
@olliefoxx7165,2021-08-20T14:11:46Z,596,Me and my nephew watched this movie together. After it was over we just sat in our seats soaking in the enormity of the story and the science behind it. I'll never forget it. It put a smile on our face and another on our brain. A wonderful movie that inspired and perplexed at the same time.,JqKa6qyVYgg,True,en,Me and my nephew watched this movie together. After it was over we just sat in our seats soaking in the enormity of the story and the science behind it. I will never forget it. It put a smile on our face and another on our brain. A wonderful movie that inspired and perplexed at the same time.,True,293,58,5,1,1,1,joy,1
@fuzzywzhe,2024-05-03T16:07:53Z,0,This was such an over-rated movie.,zBNKrja8dyY,True,en,This was such an over-rated movie.,True,34,6,1,0,-1,-1,anger,0
@kevithsilent,2017-09-22T18:39:02Z,0,Beautiful video. Thank you,t6kqaip7WS4,True,en,Beautiful video. Thank you,True,26,4,1,1,1,1,joy,1
@alsheehan8518,2020-05-04T07:04:09Z,0,Love it. Had to watch it several times to figure it out. Couple times when it was new and 5 times couple years ago. To really get it. This video has almost all the details of the movie. Best part is this movie is based of real scientists theorys. Keep watching vids about it. Amazing how much thought was put into it,j3DuONZb3Ik,True,en,Love it. Had to watch it several times to figure it out. Couple times when it was new and 5 times couple years ago. To really get it. This video has almost all the details of the movie. Best part is this movie is based of real scientists theorys. Keep watching Videos about it. Amazing how much thought was put into it,True,318,62,7,1,1,1,joy,1
@dluttrell78,2018-12-28T17:16:25Z,0,Falls in black hole...come out in one piece..yeah...ok..,NXhdt1R6TYE,True,en,Falls in black hole...come out in one piece..yeah...okay..,True,58,8,4,0,1,-1,joy,0
@Froztken,2023-04-08T17:52:22Z,0,This is a 10/10 piece. By far your best work!,ASkz5prADQA,True,en,This is a 10/10 piece. By far your best work!,True,45,10,2,1,1,1,joy,1
@Chief-Wiggum,2023-04-08T00:49:48Z,0,Amazing dive Eric.. Appreciate the personal story and connection. It's the humanity that you bring that makes your analysis better than anyone else on yt.,ASkz5prADQA,True,en,Amazing dive Eric.. Appreciate the personal story and connection. it is the humanity that you bring that makes your analysis better than anyone else on You there?.,True,163,27,3,1,1,1,joy,1
@einsavocado4675,2022-08-04T10:52:33Z,0,"9:08 is what I don’t understand. The future humans with their 5 dimensional world can only exist if they have the gravity equation solved. But Cooper did that. So before all the loops, sometimes the future humans had to find out the equation without cooper, because they had to start this loop of helping their past human comrades. So it startet with coincidences? That’s what I don’t get? Feel free to explain it to me :))",j3DuONZb3Ik,True,en,"is what I denial of normal’t understand. The future humans with their 5 dimensional world can only exist if they have the gravity equation solved. But Cooper did that. So before all the loops, sometimes the future humans had to find out the equation without cooper, because they had to start this loop of helping their past human comrades. So it startet with coincidences? That’s what I denial of normal’t get? Feel free to explain it to me :))",True,444,79,6,0,0,1,anticipation,1
@Abby-ve2qn,2022-12-23T18:38:36Z,1,"I trust there is a reason for this. You’re the first I think that went through this before me…I’m sorry you had to wait so long for me. I remember leaving HCP and choosing you. Then you were swept away and it was a long time I waited for you then I was thrown into a number of simulations, and you were no where near…maybe I had to learn how to handle this first. That’s why you posted so many the vow…and dementia…I get it now. I didn’t get it before…I’m trying to figure out what I needed when I went through that…we will figure it out.",JqKa6qyVYgg,True,en,"I trust there is a reason for this. You’reply the first I think that went through this before me…I’am sorry you had to wait so long for me. I rthemthember leaving HCP and choosing you. Then you were swept away and it was a long time I waited for you then I was thrown into a number of simulations, and you were no where near…maybe I had to learn how to handle this first. That’s why you posted so many the vow…and dthementia…I get it now. I didn’t get it before…I’am trying to figure out what I needed when I went through that…we will figure it out.",True,549,107,6,0,0,1,sadness,1
@pareeshahameddribay5348,2020-07-01T15:08:59Z,0,Bro if namma Oru black hole ulla vilunthu...vera universe ulla pona antha universe epdi pattatha irukkum ..chinna doubt,1w_DVgaDQ_g,True,cy,"brother, if we go through a black hole... what would that universe be like? Just a little doubt.",True,96,18,3,0,0,0,anticipation,1
@KarmaNDuality,2026-04-07T21:53:44Z,0,"I absolutely adore Nolan films.. I love how engages the audience and makes them think about what they're seeing. Most things are just entertaining, but Nolan does this thing where he speaks to your inner self and question your existence and question what you believe. Simply amazing that we have people like this in cinema, and wish we had more.",iWrFVvEgFYI,True,en,"I absolutely adore Nolan films.. I love how engages the audience and makes ththem think about what they are seeing. Most things are just entertaining, but Nolan does this thing where he speaks to your inner self and question your existence and question what you believe. Simply amazing that we have people like this in cinthema, and wish we had more.",True,350,61,4,1,1,1,joy,1
@JoshuaZosma,2025-02-27T08:27:08Z,0,A lot sounds like stargate,4f9V-8BHONo,True,en,A lot sounds like stargate,True,26,5,0,0,0,0,disgust,1
@TheTradesman007,2025-07-29T01:53:35Z,0,Nice work,ASkz5prADQA,True,en,Nice work,True,9,2,0,1,1,1,joy,1
@Beyond-3-9,2025-11-15T12:17:00Z,0,"Love Anu different dimensions bridge create chethathu, through father and doughter, bcz AI anu Tarz. Tarz anu wormhole create cheyhathu, but they knows without love can’t conect to earth. So they choose cooper and his dodghter",VSuF_hK3qMI,True,en,"Love Anu different dimensions bridge create chethathu, through father and doughter, bcz Artificial Intelligence anu Tarz. Tarz anu wormhole create cheyhathu, but they knows without love can’t conect to earth. So they choose cooper and his dodghter",True,247,37,2,0,0,1,joy,1
@santhosh880,2021-08-21T11:29:22Z,0,How can some one land on a planet that has a huge tidal wave without studying it properly for what is more required that all the unnecessary hype . So stupid 🙄,JqKa6qyVYgg,True,en,How can some one land on a planet that has a huge tidal wave without studying it properly for what is more required that all the unnecessary hype . So stupid 🙄,True,159,32,1,0,-1,-1,anger,-1
@stephscience1781,2025-11-28T23:49:14Z,0,Your editor is a true master.,JqKa6qyVYgg,True,en,Your editor is a true master.,True,29,6,1,1,1,1,optimism,1
@DiedrichStark,2026-05-18T09:17:40Z,0,"Kipp Thorne actually explains that once Coop crosses the event horizon of the black hole, he's actually picked up by the extradimensional beings, the ""tesseract"" being their vessel, and brought adjacent to (but still inside/outside a higher dimension) his home on earth where he can use gravity to interact with Murph in the ""past"" to kick this all off. Mind blowing. Kipp has a book explaining all the science and unspoken things from the movie, The Science of Interstellar by Kipp Thorne.",zBNKrja8dyY,True,en,"Kipp Thorne actually explains that once Coop crosses the event horizon of the black hole, he is actually picked up by the extradimensional beings, the ""tesseract"" being their vessel, and brought adjacent to (but still inside/outside a higher dimension) his home on earth where he can use gravity to interact with Murph in the ""past"" to kick this all off. Mind blowing. Kipp has a book explaining all the science and unspoken things from the movie, The Science of Interstellar by Kipp Thorne.",True,491,83,3,0,1,1,joy,0
@CHiCguitar,2025-01-20T04:40:48Z,2,I just rewatched it last night. So freaking incredible. This movie may be sci-fi but it's about love.,2mUSh5N-gIY,True,en,I just rewatched it last night. So freaking incredible. This movie may be sci-fi but it is about love.,True,102,19,3,1,1,1,joy,1
@Capt_Killingfield,2020-08-05T11:27:24Z,1,"When Coop drives away in that dirty Dodge and breaks down as he leaves Murph behind...gets me EVERY time. BTW, it's called The Tesseract.",j3DuONZb3Ik,True,en,"When Coop drives away in that dirty Dodge and breaks down as he leaves Murph behind...gets me EVERY time. by the way, it is called The Tesseract.",True,145,27,3,0,0,-1,anger,-1
@antdean5652,2020-06-09T02:07:06Z,0,One of the best films ever. Absolutely,j3DuONZb3Ik,True,en,One of the best films ever. Absolutely,True,38,7,1,1,1,1,joy,1
@billyjean311275,2019-04-11T09:32:46Z,0,One of the sharpest video ive watched about time and this incredible movie. Keep on your amazing studies and work.,t6kqaip7WS4,True,en,One of the sharpest video i have watched about time and this incredible movie. Keep on your amazing studies and work.,True,117,21,2,1,1,1,joy,1
@aardvarkmindshank,2022-11-01T05:08:37Z,1,So it’s true. Love is all you need lol 🤣,j3DuONZb3Ik,True,en,So it’s true. Love is all you need laughing out loud 🤣,True,54,12,1,1,1,1,joy,1
@Creatorisch,2023-11-28T07:08:53Z,0,"Dude, you're analyze of Interstellar is beyond infinity, great stuff :))",ASkz5prADQA,True,en,"Dude, you are analyze of Interstellar is beyond infinity, great stuff :))",True,73,12,0,1,1,1,joy,1
@robovicky98,2019-12-27T14:49:13Z,0,"sanskrit la coding panna, hack panna mudiyaatha? enna bro solreenga",4-6zBotsi-s,True,sv,"Can we code in Sanskrit? Can we hack? What are you saying, brother?",True,67,13,3,0,0,-1,anticipation,0
@Kevin-uu6hx,2020-02-11T22:20:50Z,1,Second time i saw this movie was when i did 440 ug of acid(it was also my first time on acid) and it was the best trip of my life,kcVdY-PKHdk,True,en,Second time i saw this movie was when i did 440 ug of acid(it was also my first time on acid) and it was the best trip of my life,True,129,30,0,1,1,1,joy,1
@Onibabayaga,2025-01-23T15:47:54Z,14,Interstellar is the greatest film ever made. Thanks for the vid.,Et9cKWWZ0LM,True,en,Interstellar is the greatest film ever made. Thanks for the Video.,True,66,11,2,1,1,1,joy,1
@negentropia,2018-09-15T07:43:21Z,1,Whose quote is the one you said in the end of the video? About the director being responsible for only half the movie's message. Kubrick's?,NXhdt1R6TYE,True,en,Whose quote is the one you said in the end of the video? About the director being responsible for only half the movie's message. Kubrick's?,True,139,25,3,0,0,-1,anticipation,1
@WiredPigeon,2025-02-15T05:02:14Z,0,"I assumed since we solved gravity and got the stations off earth that most of humanity moved to space stations. I thought the plan B humans evolve into the beings that move in multiple dimensions. What i don't understand is if fetuses can be incubated and whole planets 'colonized' with people and resources, why we can't grow food on earth?",5I8YSiSp8rc,True,en,"I assumed since we solved gravity and got the stations off earth that most of humanity moved to space stations. I thought the plan B humans evolve into the beings that move in multiple dimensions. What i do not understand is if fetuses can be incubated and whole planets 'colonized' with people and resources, why we cannot grow food on earth?",True,343,61,3,0,-1,-1,anticipation,1
@alexanderleeuw6858,2020-09-02T16:38:14Z,0,"I say this absolutely unprompted, but this is a very good video.",qhW1HfSuPVQ,True,en,"I say this absolutely unprompted, but this is a very good video.",True,64,12,1,1,1,1,joy,1
@DNKMMS-gh3vk,2016-09-03T22:13:32Z,0,Why the hell does he look like caption boomerang?,BHsFzDON6pA,True,en,Why the hell does he look like caption boomerang?,True,49,9,1,0,-1,-1,disgust,-1
@alanbiker5838,2020-06-21T04:28:28Z,4,Not a believer in stories that use the future to influence the past.,j3DuONZb3Ik,True,en,Not a believer in stories that use the future to influence the past.,True,68,13,1,0,-1,-1,anger,0
@less-sidemen,2024-10-04T18:30:29Z,1,I just feel like i've been roasted for 7 minutes...,qhW1HfSuPVQ,True,en,I just feel like I have been roasted for 7 minutes...,True,53,11,1,0,-1,-1,sadness,1
@Phaser1x,2021-08-22T10:24:00Z,0,Wow had to turn the volume Down. Jeez,j3DuONZb3Ik,True,en,Wow had to turn the volume Down. Jeez,True,37,8,1,0,0,-1,disgust,1
@ashley_alfonso,2026-03-28T01:06:22Z,0,I loved dunkirk,iWrFVvEgFYI,True,en,I loved dunkirk,True,15,3,0,1,1,1,joy,1
@thomasmacgruber6701,2019-10-13T07:43:48Z,0,No not accurate. No such thing as black holes. Research the Thunderbolts project on youtube.,kcVdY-PKHdk,True,en,No not accurate. No such thing as black holes. Research the Thunderbolts project on youtube.,True,92,15,3,0,-1,-1,anticipation,-1
@akkalat85,2014-11-20T00:06:55Z,0,"As far as I could tell the only CGI used was for Gargantua, the wormhole, the planets, the tidal wave, and some background stars. Correct me if I'm wrong, but most of the exterior ship scenes looked like awesome miniature work. If this is the case, did we really have to wait since ""Return of The Jedi"" to get miniature space scenes? It looked amazing.",BHsFzDON6pA,True,en,"As far as I could tell the only CGI used was for Gargantua, the wormhole, the planets, the tidal wave, and some background stars. Correct me if I am wrong, but most of the exterior ship scenes looked like awesome miniature work. If this is the case, did we really have to wait since ""Return of The Jedi"" to get miniature space scenes? It looked amazing.",True,353,66,4,1,1,1,joy,1
@mathew.thomas,2021-04-13T19:29:22Z,1,എന്ത് ഊളത്തരവും വിശ്വസിപ്പിക്കാനുള്ള നോളേട്ടന്റെ കഴിവ് ഭീകരം തന്നെ...,VSuF_hK3qMI,True,ml,Nolan’s ability to make you believe any absurdity is terrifying...,True,66,10,1,0,-1,1,fear,-1
@Madhan-gx8qt,2023-06-06T06:10:20Z,0,Escape velocity of Earth = 11.2 km/s,1w_DVgaDQ_g,True,en,Escape velocity of Earth = 11.2 kiss me/s,True,41,8,1,0,0,1,joy,1
@ofalllife87,2018-12-28T00:08:08Z,0,After seeing this movie I couldn't stop obsessing over it. I watched it once but could not stop thinking about it for months straight.,NXhdt1R6TYE,True,en,After seeing this movie I could not stop obsessing over it. I watched it once but could not stop thinking about it for months straight.,True,135,25,2,1,1,0,joy,1
@raghuchampati4712,2017-09-04T17:36:21Z,8,"Movies like Interstellar, Forrest Gump can make young people know about what is the real value of love and life Your video was very good, In fact I got more actual idea about ""time"" in Interstellar movie. Tq",t6kqaip7WS4,True,en,"Movies like Interstellar, Forrest Gump can make young people know about what is the real value of love and life Your video was very good, In fact I got more actual idea about ""time"" in Interstellar movie. Thank You",True,214,39,1,1,1,1,joy,1
@antoniofry465,2020-09-01T19:46:00Z,0,This video changed my life,qhW1HfSuPVQ,True,en,This video changed my life,True,26,5,0,1,1,1,joy,0
@EiferBrennan,2024-08-29T17:22:38Z,1,I'm sorry Neil but I haven't seen it.,JZ9qjB2PVuE,True,en,I am sorry Neil but I have not seen it.,True,39,10,1,0,-1,-1,sadness,0
@kvkramnik9859,2022-10-17T16:56:40Z,3,"BRUH I CANT THANK YOU GUYS ENOUGH, SUCH A FRIKIN CONFUSING MOVIE. (at least for simple minds like me :))",j3DuONZb3Ik,True,en,"brother I CANT THANK YOU GUYS ENOUGH, SUCH A FRIKIN CONFUSING MOVIE. (at least for simple minds like me :))",True,107,20,1,1,1,-1,anger,-1
@midhun3637,2021-05-16T18:04:06Z,0,Moviede link indo,VSuF_hK3qMI,True,sk,Is there a movie link?,True,22,5,1,0,0,0,anticipation,0
@puffunpie,2022-12-10T17:39:33Z,16,This one is my favorite Nolan movie. Usually the characters in his film feels very wooden. But in this film characters feels very human. I cry every time I see that scene where Matthew McConaughey watches the videos of his kids growing up. And don't get me started on the hospital scene. Best movie ever.,zBNKrja8dyY,True,en,This one is my favorite Nolan movie. Usually the characters in his film feels very wooden. But in this film characters feels very human. I cry every time I see that scene where Matthew McConaughey watches the videos of his kids growing up. And do not get me started on the hospital scene. Best movie ever.,True,305,56,6,1,1,1,joy,1
@aeroaddict,2024-12-04T00:45:10Z,16,"Kip's Interstellar book is pretty good and answers more than you can wish for. Also, his book ""Black Holes and Time Warps"" is one of the best popular science books I've read. I always wished that Kip would've written more!",4f9V-8BHONo,True,en,"Kip's Interstellar book is pretty good and answers more than you can wish for. Also, his book ""Black Holes and Time Warps"" is one of the best popular science books I have read. I always wished that Kip would have written more!",True,226,42,3,1,1,1,joy,1
@ICTindianmarket,2018-08-17T06:24:28Z,0,This movie is awesome but zimmer made it epic...,NXhdt1R6TYE,True,en,This movie is awesome but zimmer made it epic...,True,48,9,1,1,1,1,joy,1
@qba-bomb3959,2021-04-26T23:34:26Z,0,"When he sent the coordinates, too bad he didn't also send the name of the correct planet as well! Just saying. But I still love this movie! 😁",kcVdY-PKHdk,True,en,"When he sent the coordinates, too bad he did not also send the name of the correct planet as well! Just saying. But I still love this movie! 😁",True,142,29,3,1,1,1,joy,1
@EvanYoungMusic,2026-03-25T14:16:04Z,0,I will never forget the silence in the theater that we all experienced at the end credits. My jaw was on the floor for the entire last 30 minutes of the film. It’s one of the greatest films ever made without a doubt.,9YBpOBIsZoc,True,en,I will never forget the silence in the theater that we all experienced at the end credits. My jaw was on the floor for the entire last 30 minutes of the film. It’s one of the greatest films ever made without a doubt.,True,216,43,3,1,1,1,joy,1
@VladislavBabbitt,2024-08-30T20:03:56Z,0,"In this movie, humans were not the cause of the Earth dying. It was a blight not caused by humans at all. Yet humans were still able to develop all of this radically advanced technology.",j3DuONZb3Ik,True,en,"In this movie, humans were not the cause of the Earth dying. It was a blight not caused by humans at all. Yet humans were still able to develop all of this radically advanced technology.",True,186,35,3,0,0,1,optimism,1
@yaseen._,2022-07-19T20:29:56Z,0,Padam kanuathin pakaram thante movie explanation kandaal mathiyaarnn 😍❤️,VSuF_hK3qMI,True,yo,"Instead of watching the movie, just seeing your explanation is enough 😍❤️",True,73,12,0,1,1,-1,joy,1
@carnageix8845,2022-12-30T00:47:47Z,0,hasnt this movie been out for years,zBNKrja8dyY,True,en,hasnt this movie been out for years,True,35,7,0,0,0,1,sadness,0
@AryaVeer_2pointO,2025-03-22T11:59:33Z,0,कारण के बिना कार्य संभव नहीं है । जब दूर भविष्य में तुम्हारे होने का कोई कारण ही नही है तो तुम वहां कैसे हो सकते हो । वैसे ही भूतकाल में तुम्हारे होने का कारण निभाई तो तुम वहां भी कैसे हो सकते हो या जा सकते हो । प्रकाश की गति से या उससे तेज जाके भी तुम वहां वास्तविक समय में होने वाली घटनाओं को ही देख पाओगे ना कि भूतकाल को।,NC78S8jNy4g,True,hi,"No action is possible without a reason. If there is no reason for your existence in the distant future, how can you be there? Similarly, if you fulfill the reason for your existence in the past, how can you be or go there? Even going at the speed of light or faster, you will only be able to observe events happening in real-time, not the past.",True,344,66,4,0,0,-1,optimism,-1
@stephenmata1821,2025-08-28T03:31:36Z,0,"When I watched this film, I noticed the contrast between the twelve explorers sent out with no personal attachments, and Cooper, whose deep attachment to his children drove his every choice. The parallel to our own society is striking: those who set out to “save humanity” in the abstract may justify sacrificing countless lives for their vision, while those motivated by love for their families often create the most powerful ripple effects that truly preserve society. Paradoxically, pursuing what seems selfless can lead to cold detachment and selfish outcomes, while pursuing the good of one’s own family can become the truest form of selflessness.",ASkz5prADQA,True,en,"When I watched this film, I noticed the contrast between the twelve explorers sent out with no personal attachments, and Cooper, whose deep attachment to his children drove his every choice. The parallel to our own society is striking: those who set out to “save humanity” in the abstract may justify sacrificing countless lives for their vision, while those motivated by love for their families often create the most powerful ripple effects that truly preserve society. Paradoxically, pursuing what sethems selfless can lead to cold detachment and selfish outcomes, while pursuing the good of one’s own family can become the truest form of selflessness.",True,654,104,3,0,0,1,optimism,1
@iamsincere23,2023-04-05T09:50:00Z,1,I'm dying for another movie like interstellar,zBNKrja8dyY,True,en,I am dying for another movie like interstellar,True,46,8,0,1,0,-1,joy,1
@KR15T0F3R,2020-04-02T21:33:53Z,0,"Everything after the library tesseract collapses is obviously his ""dying vision"" and doesn't actually happen.",j3DuONZb3Ik,True,en,"Everything after the library tesseract collapses is obviously his ""dying vision"" and does not actually happen.",True,110,16,1,0,-1,-1,sadness,-1
@charltonamith,2020-05-26T12:59:53Z,0,Bro I watched this movie 10 times. I watched a lot of documentary and read lots of things to understand the movie. Only the last part when he was in the tesseract was most confusing. But thanks for your video now I totally understand the movie. I like the way you explain. Very clear and simple. Thanks a lot. I really hope to see the part 2 of this movie.,4-6zBotsi-s,True,en,brother I watched this movie 10 times. I watched a lot of documentary and read lots of things to understand the movie. Only the last part when he was in the tesseract was most confusing. But thanks for your video now I totally understand the movie. I like the way you explain. Very clear and simple. Thanks a lot. I really hope to see the part 2 of this movie.,True,360,70,8,1,1,1,joy,1
@LeanGodzilla,2021-03-08T12:12:44Z,0,Its all about the time loop BullS***. Now I understand This kinda time loop BullS*** also happened in Attack on Titan,j3DuONZb3Ik,True,en,Its all about the time loop BullS***. Now I understand This kind of time loop BullS*** also happened in Attack on Titan,True,119,22,1,0,0,1,anticipation,-1
@loekjen2686,2023-06-07T22:37:10Z,0,How can the humans from the future send the message when if they didnt the human rase would go extinct? If you get what i mean. because they didnt know the solution so how have they survived i dont get it,j3DuONZb3Ik,True,en,How can the humans from the future send the message when if they didnt the human rase would go extinct? If you get what i mean. because they didnt know the solution so how have they survived i don't get it,True,205,41,2,0,-1,-1,disgust,1
@adhithyanmgopal1616,2021-08-18T17:07:10Z,1,Nice bro I like itt,JqKa6qyVYgg,True,en,Nice brother I like in this thread,True,34,7,0,1,1,1,joy,1
@arafetkanso1405,2018-07-25T00:14:30Z,0,When I first watched Interstellar I was on the plane from Miami to Paris and the whole time I was crying like a baby because of the ending that he lost the joy of his life seeing his daughter growing up and he's fucking grandchildren didn't give him any fucking attention,NXhdt1R6TYE,True,en,When I first watched Interstellar I was on the plane from Miami to Paris and the whole time I was crying like a baby because of the ending that he lost the joy of his life seeing his daughter growing up and he is fucking grandchildren did not give him any fucking attention,True,273,53,0,0,-1,-1,sadness,1
@mallu_yapper,2017-11-29T17:49:24Z,0,I'd never skip school if this guy was my science teacher,R1cexcjdyIE,True,en,I would never skip school if this guy was my science teacher,True,60,12,0,0,0,-1,disgust,0
@vinodkv340,2020-06-05T07:45:28Z,1721,"I once tried to explain the interstellar story to my friends, that was the most embarrassing day of my life!",j3DuONZb3Ik,True,en,"I once tried to explain the interstellar story to my friends, that was the most thembarrassing day of my life!",True,110,20,1,0,-1,-1,disgust,1
@Keiktu,2015-03-23T00:22:25Z,17,B+? really? This masteriece deserve an A++++++++,BHsFzDON6pA,True,en,B+? really? This masteriece deserve an A++++++++,True,48,7,2,0,0,0,anticipation,0
@ST3yo,2020-03-31T22:21:33Z,0,Still remains to be a stupid movie.,j3DuONZb3Ik,True,en,Still rthemains to be a stupid movie.,True,37,7,1,0,-1,-1,anger,-1
@cool358,2022-07-04T17:12:02Z,0,Holy,j3DuONZb3Ik,True,cy,Holy,True,4,1,0,1,0,1,joy,0
@rihamission487,2024-05-12T19:00:02Z,0,Just watched the masterpiece on imax. It hits different.,QBSw8nSVpmI,True,en,Just watched the masterpiece on imax. It hits different.,True,56,9,2,1,1,1,joy,1
@stygianphantasm8761,2018-11-16T17:52:16Z,0,Awesome movie. Means more than most people understand,NXhdt1R6TYE,True,en,Awesome movie. Means more than most people understand,True,53,8,1,1,1,1,joy,1
@kumarjavvaji,2023-04-20T06:21:08Z,0,"Wow, this is so thorough. How did you have time to watch every frame AND learn about all the books you mentioned? That's a lot of connections to make!",ASkz5prADQA,True,en,"Wow, this is so thorough. How did you have time to watch every frame AND learn about all the books you mentioned? that is a lot of connections to make!",True,151,30,3,1,1,1,anticipation,1
@NationalSafari,2021-04-08T19:59:49Z,14,Best explanation ever❤🔥👌,VSuF_hK3qMI,True,en,Best explanation ever❤🔥👌,True,24,3,0,1,1,1,joy,1
@neonpop80,2014-11-19T19:10:42Z,0,I don't think there was lots (if any) CG. Was mostly practical effects,BHsFzDON6pA,True,en,I do not think there was lots (if any) Congratulations. Was mostly practical effects,True,84,14,1,0,0,0,joy,1
@kalaiezhilanr6003,2019-12-28T18:50:11Z,1,Best video of urs,4-6zBotsi-s,True,en,Best video of yours,True,19,4,0,1,1,1,joy,1
@matthewterry5714,2022-10-23T00:28:37Z,16,I just rewatched this movie and needed a little help understanding it. So I am so glad there was a really good video by Sunday Movies to explain it. Keep up the good work my friend!,qhW1HfSuPVQ,True,en,I just rewatched this movie and needed a little help understanding it. So I am so glad there was a really good video by Sunday Movies to explain it. Keep up the good work my friend!,True,181,36,3,1,1,1,joy,1
@BSFM95,2014-11-23T12:45:21Z,0,"FILM REVIEW: INTERSTELLAR. Check out my spoiler-free review of Christopher Nolan’s Interstellar, starring Matthew McConaughey. LINK: Like the blog on Facebook @: Follow on Twitter:",qhW1HfSuPVQ,True,en,"FILM REVIEW: INTERSTELLAR. Check out my spoiler-free review of Christopher Nolan’s Interstellar, starring Matthew McConaughey. LINK: Like the web log on Facebook @: Follow on Twitter:",True,183,26,2,0,0,1,anticipation,-1
@BalbirKaur-d1l,2024-10-01T04:35:39Z,0,My brain is literally fried...,XiDFc5aIqFg,True,en,My brain is literally fried...,True,30,5,1,0,-1,-1,sadness,0
@sallyscrive,2025-05-01T16:18:57Z,0,"Great video! I love this movie, watched it a dozen of time. At 16:00 I think you mean wormhole and not black hole ;)",zBNKrja8dyY,True,en,"Great video! I love this movie, watched it a dozen of time. At  I think you mean wormhole and not black hole ;)",True,111,23,2,1,1,1,joy,1
@mattheww797,2020-09-03T18:36:42Z,0,This movie was not very good.,j3DuONZb3Ik,True,en,This movie was not very good.,True,29,6,1,0,-1,-1,disgust,-1
@casbot71,2023-02-13T01:17:13Z,1,"_'We are always going to college and we are always dying.""_ You don't need access to higher dimensions to experience *that* …",R1cexcjdyIE,True,en,"_'We are always going to college and we are always dying.""_ You do not need access to higher dimensions to experience *that* …",True,126,23,1,0,-1,1,sadness,0
@robbob022,2024-09-05T00:38:34Z,1,"Considering the Kip Thorne oversaw the physics for the movie, they were in expert hands.",JZ9qjB2PVuE,True,en,"Considering the Kip Thorne oversaw the physics for the movie, they were in expert hands.",True,88,15,1,0,0,1,anticipation,0
@cykablyat6662,2025-12-23T03:43:20Z,283,"""to late to explore the Earth, to soon to explore the space , and we are sitting here roting.. "" that line is going to be on my mind forever",iWrFVvEgFYI,True,en,"""to late to explore the Earth, to soon to explore the space , and we are sitting here roting.. "" that line is going to be on my mind forever",True,140,30,1,0,0,1,sadness,0
@sid5692,2020-06-01T17:06:58Z,0,"Great movie but this clip explains nothing more than what you’d get from watching the movie...it explains the plot, that is all",j3DuONZb3Ik,True,en,"Great movie but this clip explains nothing more than what you’d get from watching the movie...it explains the plot, that is all",True,127,22,1,0,1,0,joy,1
@AmmarAhmedEzzat,2024-12-08T22:06:38Z,0,Great as always,4f9V-8BHONo,True,en,Great as always,True,15,3,0,1,1,1,joy,1
@Mdm800,2020-06-08T04:58:39Z,0,Insterstellar wasnt confusing at all if you paid attention and actually listened to the story. The ending of LOST was confusing,j3DuONZb3Ik,True,en,Insterstellar wasnt confusing at all if you paid attention and actually listened to the story. The ending of LOST was confusing,True,127,21,1,0,-1,-1,surprise,-1
@oniricPrj,2015-09-07T08:49:17Z,0,"I'm blown away by the fact you gave this movie a B+ and to guardians of the galaxy an A. I'm not even sure of how to react to this...I guess the world today needs lots of explosions and action for a movie to be truly liked and it really makes me sad. Interstellar has an interesting story, believable characters, amazing visuals, sound effects and music. they even built most of the sets so you don't feel the CGI. there's actual science behind the sci-fi you see. In my opinion it is a masterpiece. Yes the final scene could be cut: it is a little cheesy and not so believable. But this to me goes a long way from giving the Movie a B+ instead of an A or even A+. ...But we need space raccons with shooting rockets to feel like a movie is truly entertaining so I guess all I'm saying won't make much sense to most of us.",BHsFzDON6pA,True,en,"I am blown away by the fact you gave this movie a B+ and to guardians of the galaxy an A. I am not even sure of how to react to this...I guess the world today needs lots of explosions and action for a movie to be truly liked and it really makes me sad. Interstellar has an interesting story, believable characters, amazing visuals, sound effects and music. they even built most of the sets so you do not feel the CGI. there is actual science behind the sci-fi you see. In my opinion it is a masterpiece. Yes the final scene could be cut: it is a little cheesy and not so believable. But this to me goes a long way from giving the Movie a B+ instead of an A or even A+. ...But we need space raccons with shooting rockets to feel like a movie is truly entertaining so I guess all I am saying will not make much sense to most of us.",True,829,167,11,1,0,-1,sadness,1
@ernestbarnett49,2023-06-04T19:21:06Z,0,This is my favorite of all your videos 🙌,ASkz5prADQA,True,en,This is my favorite of all your videos 🙌,True,40,9,0,1,1,1,joy,1
@coolet9132,2025-11-19T19:35:30Z,0,"My guess is that in the first timeline only parts of humanity managed to survive by building a generation ship that eventually took them to Edmunds planet which allowed humanity to grow. Then they decided to change the fate of humanity, so they decided to change the past so that all of humanity on Earth had a chance to survive. By the way, you are wrong, humans could easily live in space stations in space. You saying that the water would run out? That's false because they could either get more water from Earth after cleaning it or used the water that is abundant on moons or asteroids in the solar system. The same goes for all resources we would ever need. Every mineral found on Earth is abundant in the asteroid field. So what could also happen is that humanity decides to split up where parts of humanity decide to go through the black hole while the other part stays in the solar system to terraform Earth back to a green and blue planet. They might even terraform Venus and Mars in the process and starts a multi terraform project. If they need more space they could always build more habitats. The habitats also have the same gravity as Earth with the station spinning in a certain speed. So I can't fully agree with with the theory in this video, because it doesn't make sense that all of humanity would just abandon their homeland when they have the ability to survive inside habitats which would also allow them to slowly terraform Earth back to a lush planet before it was recolonized. It would probably not be the hardest thing to terraform Earth when not needing to think about survival and also that it's just recently almost become uninhabitable. So over a few decades to a century they could probably revive Earth.",5I8YSiSp8rc,True,en,"My guess is that in the first timeline only parts of humanity managed to survive by building a generation ship that eventually took ththem to Edmunds planet which allowed humanity to grow. Then they decided to change the fate of humanity, so they decided to change the past so that all of humanity on Earth had a chance to survive. By the way, you are wrong, humans could easily live in space stations in space. You saying that the water would run out? that is false because they could either get more water from Earth after cleaning it or used the water that is abundant on moons or asteroids in the solar systthem. The same goes for all resources we would ever need. Every mineral found on Earth is abundant in the asteroid field. So what could also happen is that humanity decides to split up where parts of humanity decide to go through the black hole while the other part stays in the solar systthem to terraform Earth back to a green and blue planet. They might even terraform Venus and Mars in the process and starts a multi terraform project. If they need more space they could always build more habitats. The habitats also have the same gravity as Earth with the station spinning in a certain speed. So I cannot fully agree with with the theory in this video, because it does not make sense that all of humanity would just abandon their homeland when they have the ability to survive inside habitats which would also allow ththem to slowly terraform Earth back to a lush planet before it was recolonized. It would probably not be the hardest thing to terraform Earth when not needing to think about survival and also that it is just recently almost become uninhabitable. So over a few decades to a century they could probably revive Earth.",True,1748,315,14,0,0,-1,anticipation,1
@templegrade,2023-12-08T07:55:19Z,0,C'mon Tars,j3DuONZb3Ik,True,en,see'mon Tars,True,12,2,0,0,0,1,anticipation,0
@NoBody-dr8tp,2021-10-22T22:21:22Z,3,Just hearing the 2 main notes in interstellars theme makes me tear up,kcVdY-PKHdk,True,en,Just hearing the 2 main notes in interstellars ththeme makes me tear up,True,71,13,0,0,-1,-1,sadness,0
@magnetmountain33,2024-03-11T17:47:43Z,0,"Oh come on bro, they never went to the moon bruv😂😂😂😂😂😂",zBNKrja8dyY,True,en,"Oh come on brother, they never went to the moon brother😂😂😂😂😂😂",True,61,11,0,0,-1,1,joy,1
@kelsocolt,2024-02-05T21:20:50Z,0,That was an amazing explanation of that movie. Thank you.,ASkz5prADQA,True,en,That was an amazing explanation of that movie. Thank you.,True,57,10,2,1,1,1,joy,1
@MrTheVraptor,2014-12-28T22:09:09Z,0,I liked Interstellar a lot.,BHsFzDON6pA,True,de,I liked Interstellar a lot.,True,27,5,1,1,1,1,joy,1
@syd828,2021-06-15T04:06:49Z,19,"Let’s appreciate the epic soundtrack and cinematography of this film. Some things just cannot be explained through words of men, but can be expressed through an artistic lens.",j3DuONZb3Ik,True,en,"Let’s appreciate the epic soundtrack and cinthematography of this film. Some things just cannot be explained through words of men, but can be expressed through an artistic lens.",True,177,28,2,1,1,1,joy,1
@TheSittingBull,2014-11-09T10:47:18Z,0,"Thanks mate! The question that is still on my mind though is how does Cooper make it to the planet Brand is on? Weren't they on opposite sides of the now-closed wormhole? And while it is made clear that there is faster travel since it supposedly just takes 2 weeks to reach Saturn as opposed to the initial 2 years, wouldn't it take an insurmountable amount of time for Cooper to meet up with Brand? In any case, this is still one of the best movies I've seen all year and I thank you again for taking the time to make this video for those less fortunate.",qhW1HfSuPVQ,True,en,"Thanks mate! The question that is still on my mind though is how does Cooper make it to the planet Brand is on? were not they on opposite sides of the now-closed wormhole? And while it is made clear that there is faster travel since it supposedly just takes 2 weeks to reach Saturn as opposed to the initial 2 years, would not it take an insurmountable amount of time for Cooper to meet up with Brand? In any case, this is still one of the best movies I have seen all year and I thank you again for taking the time to make this video for those less fortunate.",True,559,110,5,0,1,1,joy,1
@Ashaliyeva,2021-12-17T21:56:02Z,2,Oh my. I’m tearing up just watching this! 😭💗 I cried throughout the entire movie when I first watched it. Definitely one of the best movies ever!,j3DuONZb3Ik,True,en,Oh my. I’am tearing up just watching this! 😭💗 I cried throughout the entire movie when I first watched it. Definitely one of the best movies ever!,True,146,27,4,1,1,1,joy,1
@sachinsachuz798,2023-01-13T04:16:09Z,0,ഇത് യഥാർത്ഥ ഒരു പടമായി നമുക്ക് കാണാം എന്ന് വെച്ചാൽഇത് യഥാർത്ഥ ഒരു പടമായി നമുക്ക് കാണാം എന്നുവച്ചാൽ എല്ലാം കറക്റ്റ് കൊടുത്തിട്ടുണ്ട്ട് യാഥാർത്ഥ്യമാകുന്ന കാര്യങ്ങളാണ് ഇതിൽ പറയുന്നത് അത് ഒരുനാൾ യാഥാർത്ഥ്യമായിരിക്കും,qOngRXgUTN4,True,ml,"If we think that this can be seen as a real movie, then everything here is correctly referred to as things that could become a reality someday.",True,143,27,1,0,0,0,optimism,0
@the1tigglet,2025-10-09T06:22:09Z,0,Dimensional folding bypasses the time dialation effect completely because you leave our spacetime and appear in another spacetime before returning. Imagine stepping from one room to another in no time at all.,j3DuONZb3Ik,True,en,Dimensional folding bypasses the time dialation effect completely because you leave our spacetime and appear in another spacetime before returning. Imagine stepping from one room to another in no time at all.,True,208,32,2,0,0,-1,anticipation,-1
@mariapazgonzalezlesme,2018-12-29T16:27:05Z,5,"Simple, Murph hear a ghost, that ghost was in reality, Cooper in microcospe form that sent a Morse Code to her daughter. The message read S.T.A.Y or ""Make him stay"". Thus preventing on this specific timeline, for that past Cooper to never go to space program and stay along with his family. Thus avoiding all events that happened around an different timeline. The end. ⌛🌎⏳",kcVdY-PKHdk,True,en,"Simple, Murph hear a ghost, that ghost was in reality, Cooper in microcospe form that sent a Morse Code to her daughter. The message read S.T.A.why or ""Make him stay"". Thus preventing on this specific timeline, for that past Cooper to never go to space program and stay along with his family. Thus avoiding all events that happened around an different timeline. The end. ⌛🌎⏳",True,374,65,8,0,0,-1,anticipation,-1
@___P___H___T___M___,2023-12-22T20:03:19Z,189,"Interstellar feels like a direct allegory to my life after I turned 21. I lived in Phoenix making dogshit money, feeding off scraps, toiling in the Arizona heat fixing old supercars. I dreamt of leaving and heading to a whole new part of the world. I finally made it happen and moved all the way to Australia with the hope of building a better life and potentially bringing my girlfriend and parents over there to live with me once everything was settled. Little did I know - this continent would be like nowhere else on this planet. Its a strange mirrored image of America but with deadly beautiful creatures, ancient flora, and dazzling displays of nature in its most unfiltered form. Chaos and uncertainty were the only guaranteed constant as days turned to weeks, and weeks to months, and months to years in a massive blur. Back at home, my family and friends missed me to the point of agony. Some even cut ties with me because they were convinced they would never see me again. As the years went by, the hope of bringing my loved ones over here faded into oblivion, and I began to realise how much I was missing out on. Birthdays, weddings, promotions, arrivals of children, the loss of my soulmate, all happening at home while I may aswell have been on another planet. My friends and family began to noticeably age with the times, and like Cooper watching the video messages, I felt I had missed everything while I stayed exactly the same - and I began to break down. I realised I was on a path that was truly mine, and mine alone. The characters in Interstellar represent the different facets of my ego. Cooper is my will, Brand is my hope, Romilly is my curiosity, TARS is my charisma, CASE is my anxiety, Mann is my fear, and Murphy is my heart. In my manic wanderlust and unshakable urge for adventure - I brought everything with me but my heart. I left behind everything that mattered in my life as a sacrifice for a better future in a new world. Now I'm 30 - still building. Still setting up camp for a family that may never come. My friends have their own homes, families and careers now. My parents have grown old and they struggle with travelling these days. Everyone still asks me to come home, to be with the people who love me, to pick up where we all left off and try to make up for the time we lost. I would love nothing more than to oblige them. But something about this place - this otherwordly continent - makes me want to keep pressing on. Something in my future wants me to S-T-A-Y",Et9cKWWZ0LM,True,en,"Interstellar feels like a direct allegory to my life after I turned 21. I lived in Phoenix making dogshit money, feeding off scraps, toiling in the Arizona heat fixing old supercars. I dreamt of leaving and heading to a whole new part of the world. I finally made it happen and moved all the way to Australia with the hope of building a better life and potentially bringing my girlfriend and parents over there to live with me once everything was settled. Little did I know - this continent would be like nowhere else on this planet. Its a strange mirrored image of America but with deadly beautiful creatures, ancient flora, and dazzling displays of nature in its most unfiltered form. Chaos and uncertainty were the only guaranteed constant as days turned to weeks, and weeks to months, and months to years in a massive blur. Back at home, my family and friends missed me to the point of agony. Some even cut ties with me because they were convinced they would never see me again. As the years went by, the hope of bringing my loved ones over here faded into oblivion, and I began to realise how much I was missing out on. Birthdays, weddings, promotions, arrivals of children, the loss of my soulmate, all happening at home while I may aswell have been on another planet. My friends and family began to noticeably age with the times, and like Cooper watching the video messages, I felt I had missed everything while I stayed exactly the same - and I began to break down. I realised I was on a path that was truly mine, and mine alone. The characters in Interstellar represent the different facets of my ego. Cooper is my will, Brand is my hope, Romilly is my curiosity, TARS is my charisma, CASE is my anxiety, Mann is my fear, and Murphy is my heart. In my manic wanderlust and unshakable urge for adventure - I brought everything with me but my heart. I left behind everything that mattered in my life as a sacrifice for a better future in a new world. Now I am 30 - still building. Still setting up camp for a family that may never come. My friends have their own homes, families and careers now. My parents have grown old and they struggle with travelling these days. Everyone still asks me to come home, to be with the people who love me, to pick up where we all left off and try to make up for the time we lost. I would love nothing more than to oblige ththem. But something about this place - this otherwordly continent - makes me want to keep pressing on. Something in my future wants me to S-T-A-why",True,2511,465,24,0,-1,1,optimism,1
@NessieAndrew,2017-02-18T16:43:52Z,0,This movie changed my life.,BHsFzDON6pA,True,en,This movie changed my life.,True,27,5,1,1,1,1,joy,0
@frankiecastle2502,2020-09-08T09:17:59Z,0,As long as they have Budweiser up there we'll be fine...,j3DuONZb3Ik,True,en,As long as they have Budweiser up there we will be fine...,True,58,12,1,1,1,1,optimism,1
@legospidermanoneandonly,2021-06-25T09:53:42Z,0,This movie is cool n all. But did the ppl lose their IQ or some shit Schools actually go : fuck science,I1AXx1XmQrc,True,en,This movie is cool and all. But did the people lose their IQ or some shit Schools actually go : fuck science,True,108,22,1,0,-1,0,anger,-1
@Scorpionking-21,2024-12-16T19:25:00Z,0,There is no link as shown in video,4-6zBotsi-s,True,en,There is no link as shown in video,True,34,8,0,0,0,-1,sadness,-1
@Rey_214,2023-08-14T21:59:45Z,0,Can’t believe I just saw this movie this past weekend Shame on me. Your deep dive on it is perfect thank you 🙏🏽🙏🏽🙏🏽,ASkz5prADQA,True,en,Can’t believe I just saw this movie this past weekend Shame on me. Your deep dive on it is perfect thank you 🙏🏽🙏🏽🙏🏽,True,115,23,1,1,1,1,joy,1
@sanjaymaurya6447,2025-11-30T18:10:32Z,0,Good one,NC78S8jNy4g,True,en,Good one,True,8,2,0,1,1,1,joy,1
@mclovin5976,2026-01-18T11:13:09Z,0,"There were two time dilation factors. One was the proximity of millers planet to gargantua, also millers planet was orbiting gargantua close to light speed compared to earth.",JqKa6qyVYgg,True,en,"There were two time dilation factors. One was the proximity of millers planet to gargantua, also millers planet was orbiting gargantua close to light speed compared to earth.",True,174,28,2,0,0,-1,anticipation,0
@magpiewren,2017-05-13T20:52:42Z,0,Am I the only person who hated this film?? I literally walked out of the cinema and never finished it,BHsFzDON6pA,True,en,Am I the only person who hated this film?? I literally walked out of the cinthema and never finished it,True,103,20,1,0,-1,-1,disgust,-1
@ranjitha6419,2020-02-25T21:06:02Z,1,Why did Cooper daughter burnt all corn plant at the end? What is the reason.,4-6zBotsi-s,True,en,Why did Cooper daughter burnt all corn plant at the end? What is the reason.,True,76,15,2,0,-1,-1,disgust,0
@Leemartes,2022-11-03T07:31:02Z,1,why does the beam lose energy when moving out of effect of a big object?,JqKa6qyVYgg,True,en,why does the beam lose energy when moving out of effect of a big object?,True,72,15,1,0,0,-1,anticipation,-1
@Lastcookie,2023-05-22T21:10:31Z,2,Reading my mind I was think about this yesterday strange,QBSw8nSVpmI,True,en,Reading my mind I was think about this yesterday strange,True,56,10,0,0,0,-1,anticipation,-1
@martyndyson9501,2024-01-29T00:45:14Z,0,"I love films that make you think, and even though its science fiction its all based on real laws of physics and theoretical sciences, which means it could actually happen.",ASkz5prADQA,True,en,"I love films that make you think, and even though its science fiction its all based on real laws of physics and theoretical sciences, which means it could actually happen.",True,171,30,1,1,1,1,joy,1
@2nd_gear_drifting,2025-01-13T20:50:37Z,0,The truck may have had that gear pattern but I can’t be bothered to research that shit bye bye,I1AXx1XmQrc,True,en,The truck may have had that gear pattern but I can’t be bothered to research that shit bye bye,True,94,19,0,0,-1,-1,anger,-1
@alansoler2653,2023-08-25T04:25:47Z,0,Bro you got me so chocked up and emotional when you talked about your pop!,ASkz5prADQA,True,en,brother you got me so chocked up and themotional when you talked about your pop!,True,80,15,1,1,-1,-1,anger,0
@Unknownsingh528,2025-10-31T18:45:51Z,0,A pure masterpiece truly unbelievable movie by Christopher Nolan,QBSw8nSVpmI,True,en,A pure masterpiece truly unbelievable movie by Christopher Nolan,True,64,9,0,1,1,1,joy,1
@TheGreatOne313,2014-11-13T21:47:52Z,0,Really good movie with some scenes that I didn't like. Not amazing but definitely great.,BHsFzDON6pA,True,en,Really good movie with some scenes that I did not like. Not amazing but definitely great.,True,89,16,2,1,1,1,joy,1
@diablo4166,2020-03-31T10:27:01Z,0,Awesome Movie!!,j3DuONZb3Ik,True,en,Awesome Movie!!,True,15,2,1,1,1,1,joy,1
@chazzzclau,2025-07-03T21:49:41Z,5,So complicate for my mind 😅,HdJD2TIlAQY,True,en,So complicate for my mind 😅,True,27,6,0,0,-1,-1,disgust,1
@jithinjollyjohn435,2021-05-14T16:27:44Z,0,“They”Dead people anu 5 th dimensions anenkilo 😁,dMl_GhbcP0c,True,en,“They”Dead people anu 5 th dimensions anenkilo 😁,True,48,8,0,0,0,-1,anger,1
@kaviyas4932,2020-01-09T17:12:24Z,2,Hello anna I am ur recent subscriber but I have seen almost half of ur video and still continuing The info u give are very knowledgeable One small help u told to read science of interstellar book but it’s very costly is there any pdf format in net or can u mail me if possible? Thanks for your informative video continue your great work 👍🏻,4-6zBotsi-s,True,en,Hello anna I am your recent subscriber but I have seen almost half of your video and still continuing The info you give are very knowledgeable One small help you told to read science of interstellar book but it’s very costly is there any pdf format in net or can you mail me if possible? Thanks for your informative video continue your great work 👍🏻,True,349,65,1,1,1,1,joy,1
@afxmnstr,2020-12-20T14:50:55Z,0,Finally ? What was confusing about this movie ???,j3DuONZb3Ik,True,en,Finally ? What was confusing about this movie ???,True,49,9,2,0,-1,-1,anticipation,-1
@Masstoenergy,2024-12-03T23:56:13Z,0,Two hours gone in a blink...,4f9V-8BHONo,True,en,Two hours gone in a blink...,True,28,6,1,0,0,-1,disgust,0
@oxXRockXSugarXxo,2019-01-19T11:08:55Z,0,Normally I find any accent attractive but damn something about his voice I can’t stand and the joke omfg gtfo.,qhW1HfSuPVQ,True,en,Normally I find any accent attractive but damn something about his voice I can’t stand and the joke oh my fucking god get the fuck out.,True,135,26,1,0,-1,-1,anger,-1
@Jason-iy6nb,2025-01-08T22:48:14Z,0,That explained nothing,R1cexcjdyIE,True,en,That explained nothing,True,22,3,0,0,-1,-1,anger,0
@michelleschultz472,2024-01-30T22:02:16Z,0,This movie ending is a bunch of Hollywood crap. As soon as you enter a black whole you would be subjected to so much gravity you would literally be transformed from compacted matter into energy. This idea that matter can survive and maintain that dynamic in a black hole is pure fiction.,ASkz5prADQA,True,en,This movie ending is a bunch of Hollywood crap. As soon as you enter a black whole you would be subjected to so much gravity you would literally be transformed from compacted matter into energy. This idea that matter can survive and maintain that dynamic in a black hole is pure fiction.,True,287,52,3,0,-1,-1,anger,1
@prithivirajr3943,2019-12-27T14:15:37Z,0,Antha space la Cooper avaroda ponnu perusu anathu avuga paiyan perusu anathu yellam epdi Cooper space la iruthu patharu.. epdi communicate achu?,4-6zBotsi-s,True,la,"How did Cooper communicate while being in space, with his daughter being large and him being small?",True,99,17,1,0,0,0,anticipation,0
@AnilKumar-nw5xy,2021-03-23T03:58:47Z,1,ഇപ്പോഴാണ് കഥ നന്നായി മനസിലയത് .bro 👌👌👌👌👌😍,VSuF_hK3qMI,True,eo,Now I understand the story well. brother 👌👌👌👌👌😍,True,47,8,1,1,1,1,joy,1
@brianevenson8870,2024-02-22T19:01:34Z,0,"There's always something bigger, better, faster. Just bcuz blackholes pull in light I bet there's something coming out",JqKa6qyVYgg,True,en,"there is always something bigger, better, faster. Just because blackholes pull in light I bet there is something coming out",True,123,20,1,1,1,0,optimism,1
@sooryajith3817,2022-01-13T08:37:19Z,2,One of the best movie i watched ever,VSuF_hK3qMI,True,en,One of the best movie i watched ever,True,36,8,0,1,1,1,joy,1
@fuckooooooooooooo,2024-09-16T08:24:52Z,0,"Doesn't the new Co2 tax fix the issue earth is having depicted in the movies released from Hollywierds industrial entertainment complex? I mean kids are no longer taught real science in school anymore,, so why not?",JZ9qjB2PVuE,True,en,"does not the new Co2 tax fix the issue earth is having depicted in the movies released from Hollywierds industrial entertainment complex? I mean kids are no longer taught real science in school anymore,, so why not?",True,215,37,2,0,-1,-1,disgust,1
@CharlieOakesTravel,2024-05-26T15:08:22Z,1,If that guy was on the space station above the water planet by himself for 23 years - what did he eat ? And what's left for Cooper and Brand ?,Et9cKWWZ0LM,True,en,If that guy was on the space station above the water planet by himself for 23 years - what did he eat ? And what is left for Cooper and Brand ?,True,143,32,2,0,0,-1,anticipation,0
@southernfury01,2022-10-26T01:09:40Z,0,"great movie but its not logical, in order to build the wormhole and get the data they would of had to do it first.. just cant skip the first step to come up with that outcome... but if you dont care its failing then its a good watch",j3DuONZb3Ik,True,en,"great movie but its not logical, in order to build the wormhole and get the data they would of had to do it first.. just cant skip the first step to come up with that outcome... but if you don't care its failing then its a good watch",True,233,48,2,0,0,0,joy,1
@steadfastandyx4947,2024-03-28T19:19:09Z,0,Honestly is required. Mr Nolan is an incredibly talented writer and director but this is too far. Tenet same.,XiDFc5aIqFg,True,en,Honestly is required. Mr Nolan is an incredibly talented writer and director but this is too far. Tenet same.,True,109,19,3,0,0,-1,optimism,1
@reborn-xu1zj,2018-08-17T03:03:38Z,0,Nearly as powerful today as 2001 a Space Odessy was in its day. However Coopers very quiet voice reminded me of Clint Eastwood and was very hard to hear.,NXhdt1R6TYE,True,en,Nearly as powerful today as 2001 a Space Odessy was in its day. However Coopers very quiet voice rtheminded me of Clint Eastwood and was very hard to hear.,True,155,29,2,0,1,0,sadness,1
@amjrpain919,2024-01-15T02:28:25Z,0,I actually have Interstellar on my DVR. I play it often while I sleep...,ASkz5prADQA,True,en,I actually have Interstellar on my DVR. I play it often while I sleep...,True,72,14,2,1,1,1,joy,1
@hollyh-zw1yb,2024-08-25T06:42:03Z,0,Good one.,ASkz5prADQA,True,en,Good one.,True,9,2,1,1,1,1,joy,1
@shashankbansal684,2025-07-09T18:51:34Z,0,"Could you explain who those advanced beings are? How did they become so advanced to be able to do what they did in the movie? And why are they trying to help humans on Earth, or are they?",Ibcs3bVtVR8,True,en,"Could you explain who those advanced beings are? How did they become so advanced to be able to do what they did in the movie? And why are they trying to help humans on Earth, or are they?",True,187,38,3,0,0,0,anticipation,1
@Santosh-i1g,2025-04-05T04:42:27Z,0,Simplified 😂😂,NC78S8jNy4g,True,en,Simplified 😂😂,True,13,2,0,0,0,0,joy,1
@kman-w2x,2025-06-19T16:30:02Z,1,But last line has seperate fanbase🙌❤,NC78S8jNy4g,True,en,But last line has seperate fanbase🙌❤,True,36,6,0,1,1,0,joy,1
@ClarksPlace,2024-07-03T03:09:00Z,0,"Watched a buncha your stuff tonight, can't believe the amount effort you put into making your vids...... I do a small youtube channel and recognize what you're doing, I'm never gonna do that level with my vids, so.... RESPECT! I'll kep watchin!",ASkz5prADQA,True,en,"Watched a buncha your stuff tonight, cannot believe the amount effort you put into making your Videos...... I do a small youtube channel and recognize what you are doing, I am never going to do that level with my Videos, so.... RESPECT! I will kep watchin!",True,256,46,4,1,1,1,joy,1
@AnnePronk,2022-01-04T00:45:05Z,1,"Can somebody explain to me the paradox of the ''they''? If “they” are alive in the future, doesn’t that mean they already accomplished what they wanted (human survival)? Why did they need Cooper at all?",j3DuONZb3Ik,True,en,"Can somebody explain to me the paradox of the ''they''? If “they” are alive in the future, doesn’t that mean they already accomplished what they wanted (human survival)? Why did they need Cooper at all?",True,202,35,3,0,0,-1,anticipation,1
@RandomC360,2020-09-06T02:42:44Z,0,This is the best movie ever!!!!,j3DuONZb3Ik,True,en,This is the best movie ever!!!!,True,31,6,1,1,1,1,joy,1
@marcia.mcnicol9534,2022-01-18T05:41:03Z,1,Backfired.,JqKa6qyVYgg,True,en,Backfired.,True,10,1,1,0,-1,-1,anger,0
@fraddi,2014-11-10T20:19:15Z,0,"Yes that is we true, we do not want to be following the British or Egyptian elites method of inbreeding.",qhW1HfSuPVQ,True,en,"Yes that is we true, we do not want to be following the British or Egyptian elites method of inbreeding.",True,104,20,1,0,-1,-1,disgust,1
@ahammedshadin6950,2021-05-12T19:28:27Z,0,ഈ ബുക്ക് ഒന്ന് explanation ചെയ്യുമോ,dMl_GhbcP0c,True,la,Can you explain this book a bit?,True,32,7,1,0,0,1,anticipation,0
@richardmahoney4531,2021-09-17T22:38:18Z,0,its all whimsical BS - we arent going anywhere except down below the earth crust and that will only be the global elites .,j3DuONZb3Ik,True,en,its all whimsical bullshit - we arent going anywhere except down below the earth crust and that will only be the global elites .,True,128,24,1,0,-1,-1,anger,-1
@arpanrajvaidya1748,2021-12-28T18:12:10Z,3,Even though i understood the movie the first time i still watched this video just because i loved the movie when it was released an hour ago and probably will love it for a few more hours.,j3DuONZb3Ik,True,en,Even though i understood the movie the first time i still watched this video just because i loved the movie when it was released an hour ago and probably will love it for a few more hours.,True,188,37,1,1,1,1,joy,1
@newflixsTV,2021-05-14T19:15:40Z,0,Any malayali is there,VSuF_hK3qMI,True,tn,Any Malayali around?,True,20,3,1,0,0,-1,anticipation,0
@joseppi78,2023-06-19T10:49:21Z,0,i love that pink guy and salamander man made their way into this video,I1AXx1XmQrc,True,en,i love that pink guy and salamander man made their way into this video,True,70,14,0,1,1,1,joy,1
@tonyf.9806,2025-06-25T22:54:01Z,0,"What' funny is all the scientists, especially NDT, who says some of this stuff is impossible, like what's in a black hole, and yet, we don't know. We only have theories for the very reasons they explain, gravity and the event horizon. And how much of science fiction becomes science fact with time, understanding, and experimentation. I my opinion, too many ""experts"" are dismissive of certain elements deemed fantastical (which they may be), but lacking any remote proof to the contrary, entertain the idea as plausible and see if we can work towards moving forward. It wasn't so long ago black holes, worm holes, gravitational waves, etc. were just theory, until they were found and measured.",QBSw8nSVpmI,True,en,"What' funny is all the scientists, especially NDT, who says some of this stuff is impossible, like what is in a black hole, and yet, we do not know. We only have theories for the very reasons they explain, gravity and the event horizon. And how much of science fiction becomes science fact with time, understanding, and experimentation. I my opinion, too many ""experts"" are dismissive of certain elthements dethemed fantastical (which they may be), but lacking any rthemote proof to the contrary, entertain the idea as plausible and see if we can work towards moving forward. It was not so long ago black holes, worm holes, gravitational waves, etc. were just theory, until they were found and measured.",True,703,119,6,0,0,-1,anticipation,1
@railsofjapan12,2023-06-28T00:33:57Z,0,"The thing is, when he talks to her throu the books that means that he could stop him ove and over again. That means he was in the Terreract too muliple times. But maybe this time he managed to bring the data to the watch.",zBNKrja8dyY,True,en,"The thing is, when he talks to her throu the books that means that he could stop him ove and over again. That means he was in the Terreract too muliple times. But maybe this time he managed to bring the data to the watch.",True,221,45,3,0,0,0,anticipation,-1
@firestorm3516,2021-07-10T02:48:06Z,0,Good explanation bro,dMl_GhbcP0c,True,en,Good explanation brother,True,24,3,0,1,1,1,optimism,1
@NedjoKovacevic,2017-09-12T20:58:50Z,0,Thank you! Subscribed.,t6kqaip7WS4,True,en,Thank you! Subscribed.,True,22,3,2,1,1,1,joy,1
@dbassir87,2021-08-20T02:21:35Z,5,"As a huge Astrobiology and science fan, I thought this was brilliant. Great video!",JqKa6qyVYgg,True,en,"As a huge Astrobiology and science fan, I thought this was brilliant. Great video!",True,82,14,2,1,1,1,joy,1
@mintiana,2015-03-19T01:11:56Z,0,"my explanation in a quick n easy way: brand (anne) in the end is seen setting up the colony like the whole plan was. to start human life elsewhere, to begin away from earth. these beings grow up to be 5th dimensional and then from hearing there gods story (cooper) devise a way to help him in the past. so people from the future go to people in the past and help em thus helping themselves exist.",qhW1HfSuPVQ,True,en,"my explanation in a quick and easy way: brand (anne) in the end is seen setting up the colony like the whole plan was. to start human life elsewhere, to begin away from earth. these beings grow up to be 5th dimensional and then from hearing there gods story (cooper) devise a way to help him in the past. so people from the future go to people in the past and help them thus helping ththemselves exist.",True,402,77,4,0,0,1,anticipation,1
@mayito8531,2023-12-19T03:20:07Z,0,If we mess up this planet I hope we don’t find another one and humanity just cease to exist.,j3DuONZb3Ik,True,en,If we mess up this planet I hope we denial of normal’t find another one and humanity just cease to exist.,True,105,21,1,0,-1,-1,anger,1
@thesharpercoder,2025-02-02T20:10:08Z,0,"Interesting video. The best part was the return of the classic closing credits. The 5th dimension is purely speculative. I would categorize it with dark matter and dark energy. They are something we made to explain something we do not yet understand. Have you ever heard of the “Arrow of Time”? The Universe as we know is comprised of Space-Time, which is three dimensions of Space and one dimension of Time. The Arrow of Time moves us relentlessly forward. More about that in a moment. Mathematicians have been able to better understand what occurs inside the event horizon of a black hole. Time and Space swap places inside of an event horizon. Instead of Space-Time, you now have Time-Space. The math supports the concept of three dimensions of Time and one dimension of Space. Instead of an Arrow of Time, there exists and Arrow of Space, which relentlessly moves you toward a singularity. This is what being “spaghettified” means! If the Arrow of Space inside an event horizon moves you toward a singularity, then what does that say about the Arrow of Time outside an event horizon? Are we moving toward a singularity? No, the reality is the exact opposite. The Arrow of Time is moving us away from a singularity. The singularity has a familiar name, The Big Bang.",XD8ycTPJov8,True,en,"Interesting video. The best part was the return of the classic closing credits. The 5th dimension is purely speculative. I would categorize it with dark matter and dark energy. They are something we made to explain something we do not yet understand. Have you ever heard of the “Arrow of Time”? The Universe as we know is comprised of Space-Time, which is three dimensions of Space and one dimension of Time. The Arrow of Time moves us relentlessly forward. More about that in a moment. Maththematicians have been able to better understand what occurs inside the event horizon of a black hole. Time and Space swap places inside of an event horizon. Instead of Space-Time, you now have Time-Space. The math supports the concept of three dimensions of Time and one dimension of Space. Instead of an Arrow of Time, there exists and Arrow of Space, which relentlessly moves you toward a singularity. This is what being “spaghettified” means! If the Arrow of Space inside an event horizon moves you toward a singularity, then what does that say about the Arrow of Time outside an event horizon? Are we moving toward a singularity? No, the reality is the exact opposite. The Arrow of Time is moving us away from a singularity. The singularity has a familiar name, The Big Bang.",True,1271,220,20,1,0,1,anticipation,1
@user-ge1qi6uk6p,2018-10-25T02:38:54Z,1,"Wow, thanks for NOTHING. That blew. wish i could get my 14 minutes back Jo. what the hell man? fuckin CLICK BAIT! movie endings explained, not HERES MY TAKE AND ALSO I KNOW ABOUT THE WRITER AND DIRECTOR'S TAKE ON IT AND ITS STILL THE SAME. MEANING......YOU DON""T KNOW ANYTHING MORE THAN WHAT EVERYONE ALREADY KNEW. WASTED YOUR TIME MAKING THE VID. Jo Blows...indeed.",NXhdt1R6TYE,True,en,"Wow, thanks for NOTHING. That blew. wish i could get my 14 minutes back Jo. what the hell man? fuckin CLICK BAIT! movie endings explained, not HERES MY TAKE AND ALSO I KNOW ABOUT THE WRITER AND DIRECTOR'S TAKE ON IT AND ITS STILL THE SAME. MEANING......YOU denial of normalftfy"",""there, fixed that for you"" KNOW ANYTHING MORE THAN WHAT EVERYONE ALREADY KNEW. WASTED YOUR TIME MAKING THE Video. Jo Blows...indeed.",True,412,70,11,0,-1,-1,anger,-1
@curtmartini66,2023-12-03T03:02:15Z,1,I loved the movie. This deep dive was beneficial.,ASkz5prADQA,True,en,I loved the movie. This deep dive was beneficial.,True,49,9,2,1,1,1,joy,1
@MikeMartinez-vu3ds,2024-05-20T04:57:20Z,0,I love this movie!!!! One of my favorites of all time!!!!,j3DuONZb3Ik,True,en,I love this movie!!!! One of my favorites of all time!!!!,True,57,11,2,1,1,1,joy,1
@nidhinkallu9675,2024-10-06T06:43:12Z,0,Since 06/10/2024,dMl_GhbcP0c,True,en,Since 06/10/2024,True,16,2,0,0,0,-1,anticipation,0
@djabrailntp4436,2022-05-12T01:05:30Z,1,"Pleas ya all, keep in mind, this is a fiction.",JqKa6qyVYgg,True,en,"Pleas yeah all, keep in mind, this is a fiction.",True,48,10,1,0,0,1,anticipation,1
@UnordEntertainment,2015-06-20T16:01:32Z,0,"* [ I N T E R S T E L L A R S P O I L E R S ! ! ! Y O U H A V E B E E N W A R N E D ] * Let me explain this since everyone doesn't seem to have a clue about what actually happened. First of all, Cooper DID go into the black hole. The tesseract was built by future humans and was placed inside the black hole because the black hole made it possible to get access to moments in time that happened a long time due to the extreme time dilation properties of the black hole. The future humans came from a timeline in which the human race on earth died and thus wanted to save them. The reason the tesseract looked the way it did was because time was represented as a physical dimension there. Also, the waves on Millers planet were neither regular waves nor tidal waves. Does anyone who thinks they're tidal waves even know what a tidal wave is? Would you consider an 8 meter tall (at its peak) smooth bulge of water stretched across a quarter of a planet a wave? The planet would have to be rotating once every 2 hours in order to have a wave per hour which in combination with the extreme tidal forces of the black hole is definitely gonna rip the entire planet apart. These gigantic waves on the planet are called tidal bores. They are caused by the planet actually not being completely tidally locked but almost tidally locked. Due to the immense tidal forces from the black hole, the planet is prolated/distorted in a direction that is alligned with the black hole relative to the planet. The tidal bores are caused by a rocking of the planet in combination with the prolation/distortion, which the physics/maths works out to be an hour per wave, plus the waves are huge in that case.",R1cexcjdyIE,True,en,"* [ I and T E are S T E L L A are S P Oh I L E are S ! ! ! why Oh you H A V E B E E and W A are and E D ] * Let me explain this since everyone does not sethem to have a clue about what actually happened. First of all, Cooper DID go into the black hole. The tesseract was built by future humans and was placed inside the black hole because the black hole made it possible to get access to moments in time that happened a long time due to the extrtheme time dilation properties of the black hole. The future humans came from a timeline in which the human race on earth died and thus wanted to save ththem. The reason the tesseract looked the way it did was because time was represented as a physical dimension there. Also, the waves on Millers planet were neither regular waves nor tidal waves. Does anyone who thinks they are tidal waves even know what a tidal wave is? Would you consider an 8 meter tall (at its peak) smooth bulge of water stretched across a quarter of a planet a wave? The planet would have to be rotating once every 2 hours in order to have a wave per hour which in combination with the extrtheme tidal forces of the black hole is definitely going to rip the entire planet apart. These gigantic waves on the planet are called tidal bores. They are caused by the planet actually not being completely tidally locked but almost tidally locked. Due to the immense tidal forces from the black hole, the planet is prolated/distorted in a direction that is alligned with the black hole relative to the planet. The tidal bores are caused by a rocking of the planet in combination with the prolation/distortion, which the physics/maths works out to be an hour per wave, plus the waves are huge in that case.",True,1717,335,16,0,0,-1,anticipation,1
@nithinkannan9633,2023-07-08T18:55:28Z,0,Hey man you nailed it.. ❤️🥹,dMl_GhbcP0c,True,en,Hey man you nailed it.. ❤️🥹,True,27,6,1,1,1,-1,joy,0
@danbo586,2017-12-19T01:41:42Z,0,Wow. So well done. Thank you! Are these future beings in Nolan's film representative of humans who survived the dust storms and evolved into beings who could transcend time and are now trying to fix that moment in time?,t6kqaip7WS4,True,en,Wow. So well done. Thank you! Are these future beings in Nolan's film representative of humans who survived the dust storms and evolved into beings who could transcend time and are now trying to fix that moment in time?,True,219,39,4,1,1,1,joy,1
@tykjenffs,2023-05-23T18:26:41Z,0,Doctor Cooper? xD,JqKa6qyVYgg,True,la,Doctor Cooper? extreme droll,True,28,4,1,0,-1,-1,sadness,0
@mr-lm9yc,2021-03-22T18:52:09Z,2,Favourite movie ever 😍,VSuF_hK3qMI,True,en,Favourite movie ever 😍,True,22,4,0,1,1,1,joy,1
@meharkaur3359,2023-07-31T07:46:42Z,0,“In the first draft of the scrip- oh my god! That’s bloody Timothee Chalemet! I forgot he was in this” 😂 Also this movie was like such a masterpiece I can’t even describe it but the ending triggers me so much… I WANNA KNOW WHAT HAPPENES TO BRAND!,zBNKrja8dyY,True,en,“In the first draft of the scrip- oh my god! That’s bloody Timothee Chalthemet! I forgot he was in this” 😂 Also this movie was like such a masterpiece I can’t even describe it but the ending triggers me so much… I want to KNOW WHAT HAPPENES TO BRAND!,True,250,49,3,1,1,1,joy,1
@EvanWeeks,2015-06-11T14:29:37Z,0,"The story had a very Arthur C. Clarke & Kubrick feel. It wasn't bad, it just felt derivative and not as well-told as it deserved.",BHsFzDON6pA,True,en,"The story had a very Arthur see. Clarke & Kubrick feel. It was not bad, it just felt derivative and not as well-told as it deserved.",True,132,26,3,0,0,0,sadness,1
@yzx666,2021-08-15T11:33:50Z,7,3:10 can anyone say why the camera was tilted here?,I1AXx1XmQrc,True,en,can anyone say why the camera was tilted here?,True,46,9,1,0,0,-1,disgust,0
@honestmcgyver,2023-06-05T23:16:47Z,0,Never seen it and still none the wiser 😂,zBNKrja8dyY,True,en,Never seen it and still none the wiser 😂,True,40,9,0,0,-1,-1,sadness,1
@goodtoGoNow1956,2022-11-17T08:07:52Z,0,Why does anyone need this film explained? Its pretty straight up and direct.,j3DuONZb3Ik,True,en,Why does anyone need this film explained? Its pretty straight up and direct.,True,76,13,2,0,0,1,anticipation,1
@darrinnoble,2023-04-08T08:45:21Z,0,Been a fan of yours for years. But this might be your finest work. Love the love. ❤,ASkz5prADQA,True,en,Been a fan of yours for years. But this might be your finest work. Love the love. ❤,True,83,18,3,1,1,1,joy,1
@scottyanderson7263,2022-12-11T09:20:44Z,0,Awesome deep dive into a great film. Nolan must be due another soon. Any word on what projects are in development?,zBNKrja8dyY,True,en,Awesome deep dive into a great film. Nolan must be due another soon. Any word on what projects are in development?,True,114,21,3,1,1,1,joy,1
@FPVREVIEWS,2018-08-12T07:45:52Z,0,Why would love not be a dimension? I loved the ending. TSsss..,NXhdt1R6TYE,True,en,Why would love not be a dimension? I loved the ending. TSsss..,True,62,12,3,1,1,0,joy,1
@Ordo.Corinthivm,2021-04-27T14:53:37Z,0,"Hmmmn, now I'm getting even more confused",j3DuONZb3Ik,True,en,"Hmmmn, now I am getting even more confused",True,42,8,0,0,-1,-1,sadness,-1
@brentforder,2024-12-05T04:46:56Z,110,Kip Thorne explaining a possible source of exotic matter from the manipulation of vacuum fluctuations is one of the most mind-blowing things I've ever heard. This is more than an interview!,4f9V-8BHONo,True,en,Kip Thorne explaining a possible source of exotic matter from the manipulation of vacuum fluctuations is one of the most mind-blowing things I have ever heard. This is more than an interview!,True,191,32,2,1,1,1,joy,-1
@Ravi-jy4fb,2019-12-31T19:51:05Z,6,just now watched at the end of 2019 and 2nd half in 2020 and came now to your video at 1.20am 2020... 👌👌🐱‍🏍🐱‍🏍,4-6zBotsi-s,True,en,just now watched at the end of 2019 and 2nd half in 2020 and came now to your video at 1.20am 2020... 👌👌🐱‍🏍🐱‍🏍,True,110,23,2,1,1,-1,joy,1
@SaintVodou,2023-02-19T05:49:38Z,1,"Was this Einstein or Woody Allen: “Relativity is why an hour with your beloved feels like a minute, while a minute with Aunt Gladys and Uncle Elmer feels like a week.”",JqKa6qyVYgg,True,en,"Was this Einstein or Woody Allen: “Relativity is why an hour with your beloved feels like a minute, while a minute with Aunt Gladys and Uncle Elmer feels like a week.”",True,167,31,1,0,0,-1,joy,1
@garyegray,2020-08-11T01:05:55Z,0,This movie was terrible. Complete and utter Hollywood trash. A guy behind a bookcase pushing books to the floor? Really?,j3DuONZb3Ik,True,en,This movie was terrible. Complete and utter Hollywood trash. A guy behind a bookcase pushing books to the floor? Really?,True,120,20,4,0,-1,-1,anger,-1
@stealthhunter6998,2019-01-02T16:32:03Z,0,"One of my favourite movies, I loved it. I wasn’t generic and the production of it was amazing. The art style, music, atmosphere and story were all so good. In many ways I hope there’s a sequel and in another way I almost want it to be left right there. Ik the comment is super late and it’s just become 2019 but had to say it.",NXhdt1R6TYE,True,en,"One of my favourite movies, I loved it. I wasn’t generic and the production of it was amazing. The art style, music, atmosphere and story were all so good. In many ways I hope there’s a sequel and in another way I almost want it to be left right there. i know the comment is super late and it’s just become 2019 but had to say it.",True,330,67,5,1,1,1,joy,1
@NP-zg3hq,2021-11-28T19:49:38Z,0,Such movies happens once in century,VSuF_hK3qMI,True,en,Such movies happens once in century,True,35,6,0,0,0,1,anticipation,0
@massive8060,2021-03-22T11:19:47Z,0,Sky high Explain ചെയമോ,VSuF_hK3qMI,True,en,Sky high Explain ചെയമോ,True,22,4,0,0,0,0,joy,0
@ViceKitt-e,2025-02-08T12:53:34Z,234,"Plot twist, Disney was hiding in the shadows the whole time waiting for their chance to return and ruin everything you onow and love.",5I8YSiSp8rc,True,en,"Plot twist, Disney was hiding in the shadows the whole time waiting for their chance to return and ruin everything you onow and love.",True,133,24,1,0,-1,1,fear,1
@rahulronaldo6813,2020-07-01T14:03:36Z,4,May be multiverse concept a irukulam anga irundha cooper ku illana anga irundha(fifth dimension)people ku multiverse knowledge therinju athula cooper um matha reality la vazhra cooper ku help pannirukalam atha may be 5th dimension la nadanthurukalam. Athuku black hole tha antha 5th dimension la irukuravangaluku oru key a irukalam athunala kuda avanga black hole a use panni 5th dimension a intha reality la vazhra cooper ku help pannirukalam bro. Yaruku theriyum thalaivan nolan tha sollanum athu varakum namale guess pannipom. By the way thankyou for your effort for letting us to understand the concept of this movie👋👋👋👋👋👋👋👋,1w_DVgaDQ_g,True,en,May be multiverse concept a irukulam anga irundha cooper ku illana anga irundha(fifth dimension)people ku multiverse knowledge therinju athula cooper um matha reality la vazhra cooper ku help pannirukalam atha may be 5th dimension la nadanthurukalam. Athuku black hole the antha 5th dimension la irukuravangaluku oru key a irukalam athunala kuda avanga black hole a use panni 5th dimension a intha reality la vazhra cooper ku help pannirukalam brother. Yaruku theriyum thalaivan nolan the sollanum athu varakum namale guess pannipom. By the way thankyou for your effort for letting us to understand the concept of this movie👋👋👋👋👋👋👋👋,True,632,97,3,0,0,1,joy,1
@mikeenglo1998,2016-07-07T20:38:11Z,0,wait cooper died?,qhW1HfSuPVQ,True,en,wait cooper died?,True,17,3,1,0,-1,-1,sadness,-1
@saddle1940,2018-07-29T09:38:54Z,0,"Liked this film but the start/middle of the space travel is a confusing as the end. Why do they take off from earth in the film with an Apollo style launch when they have a couple of perfectly good ground to orbit transports in orbit already that use some bizarrely high energy content, energy efficient, don't seem to need to refill, propulsion system? Seems strange since they are able to go down and back to higher g planets with them at will. Also, why didn't the rangers go and get the girl with some automated drones, are they just callus towards their forefathers(mothers)? And why would you allow baseball in Cooper Station? The ball would naturally speed up again after passing the central axis and seriously hurt someone on the other side.",NXhdt1R6TYE,True,en,"Liked this film but the start/middle of the space travel is a confusing as the end. Why do they take off from earth in the film with an Apollo style launch when they have a couple of perfectly good ground to orbit transports in orbit already that use some bizarrely high energy content, energy efficient, do not sethem to need to refill, propulsion systthem? Sethems strange since they are able to go down and back to higher g planets with ththem at will. Also, why did not the rangers go and get the girl with some automated drones, are they just callus towards their forefathers(mothers)? And why would you allow baseball in Cooper Station? The ball would naturally speed up again after passing the central axis and seriously hurt someone on the other side.",True,759,134,6,0,-1,0,surprise,1
@lbalaji8137,2019-12-27T16:32:33Z,0,"One question, what happens to emitted sun rays as energy created nor destroyed means.",4-6zBotsi-s,True,en,"One question, what happens to themitted sun rays as energy created nor destroyed means.",True,87,14,1,0,0,-1,anticipation,1
@FoxxMulderr,2014-12-30T02:07:58Z,0,"why was it so important for cooper to visit brand at the end, right at that moment? he even stole a ship to do it. i presume he was in love with her? but even then, i felt it was a cop out. he and murph were finally reunited, and despite her ""it was good to see you, but GTFO now"" sentiment (which made ZERO sense, btw) i thought their connection was too profound (given that cooper had given murph the info necessary to finish the equation, and also b/c he ended up keeping his promise of returning) for him to just take off like that on a whim.",qhW1HfSuPVQ,True,en,"why was it so important for cooper to visit brand at the end, right at that moment? he even stole a ship to do it. i presume he was in love with her? but even then, i felt it was a cop out. he and murph were finally reunited, and despite her ""it was good to see you, but get the fuck out now"" sentiment (which made ZERO sense, by the way) i thought their connection was too profound (given that cooper had given murph the info necessary to finish the equation, and also because he ended up keeping his promise of returning) for him to just take off like that on a whim.",True,569,114,5,0,0,-1,anticipation,1
@Arashmickey,2025-01-30T13:05:27Z,0,"Achron features the best implementation of time travel in any work of entertainemnt, and it's not even close.",XD8ycTPJov8,True,en,"Achron features the best implthementation of time travel in any work of entertainthemnt, and it is not even close.",True,114,19,1,1,1,1,anticipation,1
@herogamer4829,2025-03-24T06:02:59Z,0,Big bang is not real,NC78S8jNy4g,True,tl,Big bang is not real.,True,21,5,1,0,-1,-1,disgust,0
@antontyler9652,2023-06-19T13:36:04Z,0,Moon landing is fake. They has her say it like that so no one would believe her😂. Yes even the Apollo bs is also science fiction,ASkz5prADQA,True,en,Moon landing is fake. They has her say it like that so no one would believe her😂. Yes even the Apollo bullshit is also science fiction,True,134,26,2,0,-1,-1,joy,-1
@NyxTheDarkPhoenix,2017-10-12T06:29:42Z,0,Amazing video wow 🙏😌✨👌 superb and very deeply contemplative as swell as internally moving .,t6kqaip7WS4,True,en,Amazing video wow 🙏😌✨👌 superb and very deeply contthemplative as swell as internally moving .,True,93,15,1,1,1,1,joy,1
@gundamnmechas8518,2014-11-13T06:34:39Z,1,I'll be honest; i freaking loved this movie!,qhW1HfSuPVQ,True,en,I will be honest; i freaking loved this movie!,True,46,9,1,1,1,1,joy,1
@lancestalker275,2021-12-08T09:28:13Z,0,"This doesnt make sense if you think about it, if they were able to see earth from that planet it would mean they would see the people on earth moving probably like 100x faster which doesnt make sense to me you being on that planet doesnt make people on earth speed up 100x",JqKa6qyVYgg,True,en,"This doesnt make sense if you think about it, if they were able to see earth from that planet it would mean they would see the people on earth moving probably like 100x faster which doesnt make sense to me you being on that planet doesnt make people on earth speed up 100x",True,272,53,0,0,-1,-1,disgust,1
@tomasgramblicka7510,2023-08-07T17:33:50Z,0,"if ""they"" are people from future... how did they get on place where humankind could survive and develope its technology to be abe to creat warm hole? it aint logical",j3DuONZb3Ik,True,en,"if ""they"" are people from future... how did they get on place where humankind could survive and develope its technology to be abe to creat warm hole? it aint logical",True,165,30,2,0,-1,-1,anticipation,1
@TheSquiggleySpooch,2025-01-23T02:28:40Z,0,Christopher Nolan has been asked and has said he leaves it up to your interpretation. I personally believe we are seeing coops experiences as he passes away. It’s a metaphor for death.,XiDFc5aIqFg,True,en,Christopher Nolan has been asked and has said he leaves it up to your interpretation. I personally believe we are seeing coops experiences as he passes away. It’s a metaphor for death.,True,184,32,3,0,-1,-1,sadness,-1
@ChasingTheDreamx,2024-01-21T11:31:06Z,0,Worst ending of all time. Ending ruined the whole movie.,j3DuONZb3Ik,True,en,Worst ending of all time. Ending ruined the whole movie.,True,56,10,2,0,-1,-1,disgust,-1
@Sid_22-08,2025-03-12T12:32:13Z,0,so in future we have to find such planets,5I8YSiSp8rc,True,en,so in future we have to find such planets,True,41,9,0,0,0,0,optimism,0
@grizzle273463,2022-05-11T23:39:48Z,1,I loved it. It was so far beyond my ability to understand so I just stick to selling pencils on the street for a living. Thumbs up!,JqKa6qyVYgg,True,en,I loved it. It was so far beyond my ability to understand so I just stick to selling pencils on the street for a living. Thumbs up!,True,131,27,3,1,1,1,joy,1
@formaldespair,2023-03-22T18:40:50Z,0,A question: we know that black holes suck everything into it even light but why didn't Miller's planet got sucked in the black hole?,CQpTKQloHuI,True,en,A question: we know that black holes suck everything into it even light but why did not Miller's planet got sucked in the black hole?,True,133,25,1,0,-1,0,disgust,-1
@havik82,2024-12-03T23:57:51Z,0,"I liked the video and the talk, however, every time the dude says uhh it sounds like he is dry heaving",4f9V-8BHONo,True,en,"I liked the video and the talk, however, every time the dude says uhh it sounds like he is dry heaving",True,102,21,0,0,1,0,joy,1
@qwert9876,2015-07-05T17:17:43Z,0,"You explained it well, but it still has a plot hole as big as Back to the Future 2. If the future ""earthlings"" were advanced enough to place a worm hole for Cooper, that means humanity never went extinct. They escaped earth WITHOUT needing the worm hole, so why did they even put it there? Unless they are alien, in which case it is never explained what their motivation is for helping earth survive. And why not just fly into earth and rescue everyone and help them build space colonies? That's actually more feasible than a worm hole. Then in BTTF2, it's impossible to travel into the future and see yourself and your kids because you would have skipped over 30 years of time where you seemingly disappeared, just as Einstein disappeared for 1 minute in BTTF1. So Marty would not exist for 30 years, no life, no kids. Time travel movies are very difficult to pull off without breaking logic.",qhW1HfSuPVQ,True,en,"You explained it well, but it still has a plot hole as big as Back to the Future 2. If the future ""earthlings"" were advanced enough to place a worm hole for Cooper, that means humanity never went extinct. They escaped earth WITHOUT needing the worm hole, so why did they even put it there? Unless they are alien, in which case it is never explained what their motivation is for helping earth survive. And why not just fly into earth and rescue everyone and help ththem build space colonies? that is actually more feasible than a worm hole. Then in BTTF2, it is impossible to travel into the future and see yourself and your kids because you would have skipped over 30 years of time where you sethemingly disappeared, just as Einstein disappeared for 1 minute in BTTF1. So Marty would not exist for 30 years, no life, no kids. Time travel movies are very difficult to pull off without breaking logic.",True,899,163,9,0,-1,-1,anticipation,1
@maghimansvision1166,2020-01-05T17:27:26Z,1,Sir you are really awesome I watched interstellar movie 4 times but I can't understand my ambition is to be a scientist in NASA thanx alot to know about more interesting space fact I got a new teacher who explain me without doubts thanks again,4-6zBotsi-s,True,en,Sir you are really awesome I watched interstellar movie 4 times but I cannot understand my ambition is to be a scientist in NASA thank you a lot to know about more interesting space fact I got a new teacher who explain me without doubts thanks again,True,249,47,0,1,1,1,joy,1
@nachopd282,2020-05-29T03:18:05Z,0,"This is what happened: Cooper enters the Black hole, his mass disappears but his information and TARS' AI not and a part of this information spread into the back hole itself creating a super intelligent gravity brain. Like they had uploaded a copy of their mind and installed it as an OS in the Black hole. At the moment of entering into the event horizon the strongest thought and feeling he is having is his daughter and the last time he saw her. So it becames the booting program of the singularity creating the teseract. The boot sequence connects Gargantua's system with our solar system and creates the wormhole link as a product of the aim to come back. You have to realize that is a quantum mix of a human and a computer with AI, feelings + human intelligence + programs + AI deep learning algorithms. So it has mixed properties of all the elements, like emotions, intelligence , program sequences, algorithms... It is a quantum gravitational intelligence, QGI. After that he is able to use TARS to get the data send it to his daughter and rematerialize in order to come back to earth. He doesn't realizes what happened because his persona splits in two when the upload happens and get mixed with TARS' AI. If you think about the physic theory of information regarding the Black hole this has more sense than the multidimensional humans of the future that as many of you said can do al this super advanced stuff but can't offer a solution to the plague.",j3DuONZb3Ik,True,en,"This is what happened: Cooper enters the Black hole, his mass disappears but his information and TARS' Artificial Intelligence not and a part of this information spread into the back hole itself creating a super intelligent gravity brain. Like they had uploaded a copy of their mind and installed it as an operating system in the Black hole. At the moment of entering into the event horizon the strongest thought and feeling he is having is his daughter and the last time he saw her. So it becames the booting program of the singularity creating the teseract. The boot sequence connects Gargantua's systthem with our solar systthem and creates the wormhole link as a product of the aim to come back. You have to realize that is a quantum mix of a human and a computer with Artificial Intelligence, feelings + human intelligence + programs + Artificial Intelligence deep learning algorithms. So it has mixed properties of all the elthements, like themotions, intelligence , program sequences, algorithms... It is a quantum gravitational intelligence, QGI. After that he is able to use TARS to get the data send it to his daughter and rthematerialize in order to come back to earth. He does not realizes what happened because his persona splits in two when the upload happens and get mixed with TARS' Artificial Intelligence. If you think about the physic theory of information regarding the Black hole this has more sense than the multidimensional humans of the future that as many of you said can do al this super advanced stuff but cannot offer a solution to the plague.",True,1571,268,11,0,0,1,anticipation,1
@mistahkrazy805,2024-05-27T13:58:57Z,0,Lmao the Mann Damon cut with the dude from Team America made me almost choke!,zBNKrja8dyY,True,en,laughing my ass off the Mann Damon cut with the dude from Team America made me almost choke!,True,92,18,1,1,-1,-1,joy,-1
@ambergris5705,2020-04-17T22:33:54Z,0,"Good! I understood everything. Now, an idea who might appease those who didn't like that ending. What if Cooper is actually dying inside the tesseract when it collapses, but as Mann said, he sees what he wanted the most : his daughter, saved, and dying of old age, and his companion making it safely to a new planet where humanity will be able to live. All the scenes after the tesseract collapses would then be this last vision before death.",j3DuONZb3Ik,True,en,"Good! I understood everything. Now, an idea who might appease those who did not like that ending. What if Cooper is actually dying inside the tesseract when it collapses, but as Mann said, he sees what he wanted the most : his daughter, saved, and dying of old age, and his companion making it safely to a new planet where humanity will be able to live. All the scenes after the tesseract collapses would then be this last vision before death.",True,443,81,5,1,0,1,anticipation,1
@williamentredicho2773,2015-01-21T09:57:05Z,0,thanks. great review! you hit on the head!,BHsFzDON6pA,True,en,thanks. great review! you hit on the head!,True,42,8,3,1,1,1,joy,1
@SharkieOttark,2017-10-24T02:38:50Z,0,This movie was confusing AS FUCK.,BHsFzDON6pA,True,en,This movie was confusing AS FUCK.,True,33,6,1,0,-1,-1,anger,-1
@davebalmada,2019-04-13T21:22:00Z,1001,"When Murph says ""Because my dad promised me"" I burst into tears. EVERY DAMN TIME. I love this movie",kcVdY-PKHdk,True,en,"When Murph says ""Because my dad promised me"" I burst into tears. EVERY DAMN TIME. I love this movie",True,99,19,2,1,1,1,joy,1
@congressoftherhino3603,2025-07-01T18:47:06Z,0,Everyone knows this shit btw. There’s hundreds of videos about it already,ASkz5prADQA,True,en,Everyone knows this shit by the way. There’s hundreds of videos about it already,True,80,14,1,0,-1,-1,anger,-1
@Khaos768,2024-05-06T01:28:28Z,0,"How could future humans exist to build the black hole? Humanity should have gone extinct long before that! Also, by the end of the movie shouldn't humans have already relocated to Edmund's planet and organizing a surprise party for Brand when she lands?",j3DuONZb3Ik,True,en,"How could future humans exist to build the black hole? Humanity should have gone extinct long before that! Also, by the end of the movie should not humans have already relocated to Edmund's planet and organizing a surprise party for Brand when she lands?",True,254,44,3,0,-1,1,disgust,1
@mugglescakesniffer3943,2023-02-12T09:19:06Z,0,"Was it anything that can go wrong will go wrong? Young Murph: Murphy's law? Cooper: Murphy's law doesn't mean that something bad will happen. It means that whatever *can* happen, will happen. And that sounded just fine to us.",zBNKrja8dyY,True,en,"Was it anything that can go wrong will go wrong? Young Murph: Murphy's law? Cooper: Murphy's law does not mean that something bad will happen. It means that whatever *can* happen, will happen. And that sounded just fine to us.",True,226,40,5,0,0,-1,optimism,-1
@ThaFashionAssassin,2026-04-06T09:10:46Z,0,This was the first movie my wife and I ever watched together. That was way back when we first started dating. Damn the time flies,9YBpOBIsZoc,True,en,This was the first movie my wife and I ever watched together. That was way back when we first started dating. Damn the time flies,True,129,25,2,1,1,1,joy,-1
@cameronmurtagh9977,2022-01-16T09:10:15Z,0,Always makes me think of Peter Gabriel - the Book of Love,t6kqaip7WS4,True,en,Always makes me think of Peter Gabriel - the Book of Love,True,57,12,0,1,1,1,joy,1
@naveenkr5992,2020-06-24T19:37:24Z,20,"I actually did understand the movie end at first time and I really enjoyed it, I literally cried.",qOngRXgUTN4,True,en,"I actually did understand the movie end at first time and I really enjoyed it, I literally cried.",True,97,18,1,1,1,1,joy,1
@sandiplwagun1803,2023-03-11T22:41:51Z,1,So that means the universe is not billions year old. Its may be billions of years for earth but its years or day or may be minutes for the universe??,JqKa6qyVYgg,True,en,So that means the universe is not billions year old. Its may be billions of years for earth but its years or day or may be minutes for the universe??,True,149,30,2,0,0,0,anticipation,0
@vanessahenry7238,2021-09-12T21:48:23Z,0,"THIS was wonderfully made and though after the third watching of the movie I got it, my only complaint was Sound! The Sound person made everything else not spoken Too loud!",j3DuONZb3Ik,True,en,"THIS was wonderfully made and though after the third watching of the movie I got it, my only complaint was Sound! The Sound person made everything else not spoken Too loud!",True,172,31,2,1,1,1,joy,1
@mynameforever1,2020-07-17T20:47:01Z,0,One of the messages of the movie is presented right at the beginning dust bowl era scenes; humanity farmed itself into a famine due too lack of innovation in agriculture,t6kqaip7WS4,True,en,One of the messages of the movie is presented right at the beginning dust bowl era scenes; humanity farmed itself into a famine due too lack of innovation in agriculture,True,169,30,0,0,-1,-1,sadness,1
@mas2497,2021-04-16T09:38:30Z,0,Very beautiful interesting movie,VSuF_hK3qMI,True,en,Very beautiful interesting movie,True,32,4,0,1,1,1,joy,1
@durgeshprasad4864,2020-09-11T07:47:38Z,0,Useless video... All i wanted to know was what did the equation actually did? Means what they did this jus build gravity with help of it??? What about oxygen??? And other things like pressure what they did about that to survive in space... And how her daughter knew that she was alive and he should go help her??,j3DuONZb3Ik,True,en,Useless video... All i wanted to know was what did the equation actually did? Means what they did this just build gravity with help of it??? What about oxygen??? And other things like pressure what they did about that to survive in space... And how her daughter knew that she was alive and he should go help her??,True,313,58,6,0,-1,-1,anger,1
@kevinhedman2314,2020-03-31T07:08:46Z,0,I don’t think I like people who are obsessed with this movie to the point of ignoring huge flaws. This whole comment section belongs in r/iamverysmart,j3DuONZb3Ik,True,en,I denial of normal’t think I like people who are obsessed with this movie to the point of ignoring huge flaws. This whole comment section belongs in are/iamverysmart,True,165,28,1,0,-1,-1,anger,1
@CurbKerb,2018-11-24T10:17:27Z,0,This movie made me shed a tear. Better love story than the Titanic,NXhdt1R6TYE,True,en,This movie made me shed a tear. Better love story than the Titanic,True,66,13,1,1,1,1,joy,1
@kristoffslivnik8216,2019-07-13T23:26:38Z,11,This movie is a masterpiece !,BHsFzDON6pA,True,en,This movie is a masterpiece !,True,29,6,1,1,1,1,joy,1
@Craka_fat,2018-07-25T10:39:33Z,0,I just can't get past the fact that love was more powerful than a singularity,NXhdt1R6TYE,True,en,I just cannot get past the fact that love was more powerful than a singularity,True,78,15,0,0,0,-1,sadness,1
@gurkaranveer9131,2023-04-08T20:17:41Z,0,Beautiful 😢😢😢,ASkz5prADQA,True,en,Beautiful 😢😢😢,True,13,2,0,1,1,1,joy,-1
@ganesh.m2700,2023-08-08T09:02:44Z,0,So they ingura future humans tha climax la heroine poi uruvakuna civilization ah appo avunga antha planet la civilization develop panni avunga tha tecnology kandu piditchu black hole kulla poi 5th dimension tesseract uruvakunangala appdi uruvakuna appuram humans escape aganumna 5th dimension help theava nu cooper muliyama therinchu irrupanga pola so past cooper tesseract kulla vanthu humans save pannrathu tha nadanthutha,4-6zBotsi-s,True,la,"So, they are the future humans and the heroine goes to create a civilization, then they developed technology on that planet and figured out how to go into the black hole to form the tesseract in the 5th dimension, then Cooper comes back to save humans, that is what happened.",True,275,50,1,0,0,0,anticipation,1
@lindagelderman4338,2015-04-17T12:59:40Z,0,usually i dont cry quickly but with this movie... damn it was very emotional,R1cexcjdyIE,True,en,usually i don't cry quickly but with this movie... damn it was very themotional,True,79,14,1,0,-1,-1,joy,-1
@kylefarrows,2021-10-25T12:03:39Z,0,im stuck on the dumb planet,R1cexcjdyIE,True,en,Instant Message stuck on the dumb planet,True,40,7,0,0,-1,-1,anger,-1
@GigglesD2,2025-03-17T20:09:35Z,1,You missed the link from Tars....he made a joke the blow Cooper out of the airlock at the start only for Mann to be blown out of the airlock due to Tars changing the docking codes,zBNKrja8dyY,True,en,You missed the link from Tars....he made a joke the blow Cooper out of the airlock at the start only for Mann to be blown out of the airlock due to Tars changing the docking codes,True,179,36,1,0,0,-1,anticipation,0
@jackieadams8592,2023-06-12T20:22:01Z,0,"Grow up...Y'all watch to much Television...the Universe doesn't work like that, Man has never got that close,only on television🤔🤔🤔man has gone to the surface and that's a maybe😏😏😏😏",j3DuONZb3Ik,True,en,"Grow up...you all watch to much Television...the Universe does not work like that, Man has never got that close,only on television🤔🤔🤔man has gone to the surface and that is a maybe😏😏😏😏",True,184,31,2,0,-1,-1,optimism,-1
@ipoomini,2014-12-03T14:35:43Z,0,"1:42 thousands of years? with our current technology it'd take MORE than couple of MILLIONS of years to get to andromeda, nearest spiral galaxy to milky way",qhW1HfSuPVQ,True,en,"thousands of years? with our current technology it would take MORE than couple of MILLIONS of years to get to andromeda, nearest spiral galaxy to milky way",True,155,27,1,0,0,-1,anticipation,0
@safooraraihana4023,2021-04-01T04:43:37Z,0,nxt vedio kk waiting ahn🤩,VSuF_hK3qMI,True,en,next vedio ok waiting ahn🤩,True,26,5,0,1,1,0,anticipation,1
@plutoniusis,2020-05-04T03:45:10Z,0,"The movie is done really excellent, but if we start analyzing how and when , then we are not going anywhere , it is just a movie , entertainment and inspiring motives to move forward .",NXhdt1R6TYE,True,en,"The movie is done really excellent, but if we start analyzing how and when , then we are not going anywhere , it is just a movie , entertainment and inspiring motives to move forward .",True,184,36,1,1,1,1,joy,1
@umairusman,2018-07-23T14:10:21Z,0,shitty movie,NXhdt1R6TYE,True,fi,shitty movie,True,12,2,0,0,-1,-1,disgust,-1
@ramanant963,2021-10-22T15:10:40Z,0,"You know what i feel. Say if u travel from point A to B by an airplane, u reach the distance in one day, but i travelled by ship, and say i took a week. Cuz ofcourse i was slow. But we both age at the same rate. Time flows at the same rate. Destination has got nothing to do with our rate of time flow/age flow. Now u’ve reached earlier than me, and u’ll be waiting for the rest of the week for me to reach you, we both gonna be grown 1 week old at the end of the week. So if u travel to a different galaxy in light speed, and u took 1 month. And i’m here at earth, by 1 month i’d know u have reached the galaxy. And u come back immediately, it takes another month for u, and i’m obviously gonna wait another month(our clocks tick the same rate). Where is age coming into the picture.!? Light speed travel or regular speed travel, speed of travel is not gonna interfere with ageing. Speed and time are different factors.. why are u people relating age(time) and speed.!?? Time flows in a constant rate(so does our age along with time), speed is variable. Irrespective of how speed we travel, we will age at the same rate. Time taken to travel a distance does not change time’s natural flow rate.. how in the world does the interstellar age thingy makes sense.!?? Time keeps flowing every second.. our vehicle speed is not gonna alter the natural flow of seconds.. Someone correct me if i’m wrong.",JqKa6qyVYgg,True,en,"You know what i feel. Say if you travel from point A to B by an airplane, you reach the distance in one day, but i travelled by ship, and say i took a week. because ofcourse i was slow. But we both age at the same rate. Time flows at the same rate. Destination has got nothing to do with our rate of time flow/age flow. Now you’ve reached earlier than me, and you’ll be waiting for the rest of the week for me to reach you, we both going to be grown 1 week old at the end of the week. So if you travel to a different galaxy in light speed, and you took 1 month. And i’am here at earth, by 1 month i’d know you have reached the galaxy. And you come back immediately, it takes another month for you, and i’am obviously going to wait another month(our clocks tick the same rate). Where is age coming into the picture.!? Light speed travel or regular speed travel, speed of travel is not going to interfere with ageing. Speed and time are different factors.. why are you people relating age(time) and speed.!?? Time flows in a constant rate(so does our age along with time), speed is variable. Irrespective of how speed we travel, we will age at the same rate. Time taken to travel a distance does not change time’s natural flow rate.. how in the world does the interstellar age thingy makes sense.!?? Time keeps flowing every second.. our vehicle speed is not going to alter the natural flow of seconds.. Someone correct me if i’am wrong.",True,1435,272,21,0,0,-1,anticipation,-1
@portlandtwowheels1872,2018-07-29T20:42:13Z,1,"Definitely a subscriber. Despite the negative comments, I found that your video had a interesting idea for the outcome and interpretation of the movie. For me, I interpret the ending that these were not advanced humans millions of years into the future, that created the wormhole etc. I say this because if the population starting on Edmunds planet (with Brand starting the surrogacy) was so far evolved past our current species and created a wormhole and ""tesseract,"" then it would create a paradox. I believe it's called the Bootstrap paradox? A good example of this paradox is if you were at home and received a book called ""how to build a time machine"" and built it over the course of 10 years or so..... You would wonder, ""who could have sent me this book?"" Then it dawns on you that, ""hey, it was me! I could send myself and this book back in time, ten years to my younger self!"" Paradox! You could only build the time machine if you discovered the book but you can only discover the book if you made the time machine.... it would be as if nobody has discovered the book or time machine and it would be stuck in this form of causal loop. Both of them cannot exist without the other. This is why I believe that instead of humans, it was a different form of advanced life. This still creates some issues with TARS attempting to relay the quantum data when he/she/it was inside the tesseract. It caused anomalies with Cooper's Ranger (causing a crash years ago in Earth-time), etc. Another plausible idea is having multiple or an infinite number of what we perceive as a universe. Example: you may have created a time machine with your own free will and sent the book back in time but instead you ""traveled"" into a different universe altogether, changing their version of time. Maybe time just doesn't exist? Maybe it's possible that everything that exists always had a past, present and future that was already set. Time is relative....we feel the present, remember the past and dream about the future.",NXhdt1R6TYE,True,en,"Definitely a subscriber. Despite the negative comments, I found that your video had a interesting idea for the outcome and interpretation of the movie. For me, I interpret the ending that these were not advanced humans millions of years into the future, that created the wormhole etc. I say this because if the population starting on Edmunds planet (with Brand starting the surrogacy) was so far evolved past our current species and created a wormhole and ""tesseract,"" then it would create a paradox. I believe it is called the Bootstrap paradox? A good example of this paradox is if you were at home and received a book called ""how to build a time machine"" and built it over the course of 10 years or so..... You would wonder, ""who could have sent me this book?"" Then it dawns on you that, ""hey, it was me! I could send myself and this book back in time, ten years to my younger self!"" Paradox! You could only build the time machine if you discovered the book but you can only discover the book if you made the time machine.... it would be as if nobody has discovered the book or time machine and it would be stuck in this form of causal loop. Both of ththem cannot exist without the other. This is why I believe that instead of humans, it was a different form of advanced life. This still creates some issues with TARS attthempting to relay the quantum data when he/she/it was inside the tesseract. It caused anomalies with Cooper's Ranger (causing a crash years ago in Earth-time), etc. Another plausible idea is having multiple or an infinite number of what we perceive as a universe. Example: you may have created a time machine with your own free will and sent the book back in time but instead you ""traveled"" into a different universe altogether, changing their version of time. Maybe time just does not exist? Maybe it is possible that everything that exists always had a past, present and future that was already set. Time is relative....we feel the present, rthemthember the past and dream about the future.",True,2017,359,22,1,0,-1,anticipation,1
@sidharthxvlogs8435,2019-12-29T03:18:15Z,2,Worm hole athu technically posibil anu Future ill manusharkku adhu okke chiyyan sadikkum,qOngRXgUTN4,True,sq,"Wormholes are technically possible; in the future, humans can do that.",True,70,11,1,0,0,1,optimism,0
@redbugbluebug,2024-11-23T06:31:23Z,0,"Mr Nile, if you don't remember anything about the movie why are you even starting to talk about it??",JZ9qjB2PVuE,True,en,"Mr Nile, if you do not rthemthember anything about the movie why are you even starting to talk about it??",True,105,20,1,0,0,-1,anger,0
@27rdx81,2019-07-20T21:31:03Z,0,Why I'm crying?,t6kqaip7WS4,True,en,Why I am crying?,True,16,4,1,0,-1,-1,sadness,-1
@raadalba6al,2018-10-30T19:23:40Z,0,"Before I saw this video, I was thinking that the tesseract was the result of the high speed in the black hole and love which gave access to previous time periods with cooper's daughter. But now, I think that being the astronaut is dying and all the ending scenes are just his last thoughts before death makes a lot more sense. Still, Interstellar is one of my top movies :)",NXhdt1R6TYE,True,en,"Before I saw this video, I was thinking that the tesseract was the result of the high speed in the black hole and love which gave access to previous time periods with cooper's daughter. But now, I think that being the astronaut is dying and all the ending scenes are just his last thoughts before death makes a lot more sense. Still, Interstellar is one of my top movies :)",True,373,70,2,0,1,1,joy,1
@berniemac1891,2023-10-25T08:35:56Z,0,I find it strange that I didn’t watch or think about this movie in 2014. I was 19 and just graduated high school. 9 years later and as it happens I have two kids now and a third on the way. Seen something on YouTube that mentioned it and decided to watch it. I couldn’t of seen this movie at any other time to have this impact on me is it predetermined 🤯,ASkz5prADQA,True,en,I find it strange that I didn’t watch or think about this movie in 2014. I was 19 and just graduated high school. 9 years later and as it happens I have two kids now and a third on the way. Seen something on YouTube that mentioned it and decided to watch it. I couldn’t of seen this movie at any other time to have this impact on me is it predetermined 🤯,True,354,73,4,0,0,-1,joy,-1
@royjones8312,2024-04-01T05:24:44Z,0,"Just finished watching this again for at the very least the 15th time and I’m bawling again just like the first time. One of the very best films ever made and easily Nolan’s masterpiece in my opinion. And the soundtrack, don’t even get me started on that.",Et9cKWWZ0LM,True,en,"Just finished watching this again for at the very least the 15th time and I’am bawling again just like the first time. One of the very best films ever made and easily Nolan’s masterpiece in my opinion. And the soundtrack, denial of normal’t even get me started on that.",True,269,49,3,1,1,1,joy,1
@AbhishekAR-i6i,2025-06-27T17:12:31Z,1,Bhai mujhe puri movie dekh ke bas ye samajh me aaya ki movie suru me hi end ho gayi thi aur end hi suruat tha 😅😢🤭,Ibcs3bVtVR8,True,sw,"Dude, after watching the whole movie, I just realized that the movie actually ended at the start 😅😢🤭",True,100,18,0,0,-1,-1,sadness,1
@elizabethcohen6526,2025-09-22T04:44:30Z,0,I love this movie. Had to watch a dozen times before I got it.,j3DuONZb3Ik,True,en,I love this movie. Had to watch a dozen times before I got it.,True,62,14,2,1,1,1,joy,1
@sandoncrowder7839,2026-02-23T06:43:04Z,0,"The only thing that comes off very weird is millers planet, they say they were there for a few hours but it seems to be only 20 minutes at the most even with the movie summarizing the time.",zBNKrja8dyY,True,en,"The only thing that comes off very weird is millers planet, they say they were there for a few hours but it sethems to be only 20 minutes at the most even with the movie summarizing the time.",True,191,38,1,0,-1,0,surprise,-1
@ehatacho2183,2021-02-12T10:28:01Z,0,Best movie I ever saw... All ends with death to bring life..,j3DuONZb3Ik,True,en,Best movie I ever saw... All ends with death to bring life..,True,60,12,2,1,1,1,joy,1
@chicotruco,2018-11-17T07:12:00Z,0,to be honest I still don't understand nothing at the end,NXhdt1R6TYE,True,en,to be honest I still do not understand nothing at the end,True,57,12,0,0,-1,0,sadness,1
@abdulsameeh_666,2020-07-01T15:45:28Z,0,"It's not paradox!! Read this bro if you are free!! They had 2 plans A and B Without going deep let's call like this Plan A = Save humans from Earth Plan B = save the humans but not from Earth let them die there , and save the human species by conducting colonies in edumends planet So actually Cooper is a great astronout (said by NASA in this movie) that's the reason he is chosen as fast NASA saw him So they Lazarus Mission was successful without copper , they did the plan B with other astronout that's the plan they had before the arrival of copper and Murph at NASA So the humans are dead and the colonies are conducted and they lived that way and emerged well as they can control time in 5th dimension !! Once they started to encounter another global collosal they started to build the warmhole to get the past humans , they build the Tessaract to Cooper as I said Cooper is a famous astronout so .... And that's not a paradox cuz they actually did the plan B and emerged and once they achieved the ability to the 5th dimension they bought the past Humans There are multiple theories on it... With me... If u wanna hear Lemme know And there are lot of proofs on the theory I mentioned above.....so it's not paradoxical! Thanks for spending time Hope u take a look at my Channel..too",1w_DVgaDQ_g,True,en,"it is not paradox!! Read this brother if you are free!! They had 2 plans A and B Without going deep let us call like this Plan A = Save humans from Earth Plan B = save the humans but not from Earth let ththem die there , and save the human species by conducting colonies in edumends planet So actually Cooper is a great astronout (said by NASA in this movie) that is the reason he is chosen as fast NASA saw him So they Lazarus Mission was successful without copper , they did the plan B with other astronout that is the plan they had before the arrival of copper and Murph at NASA So the humans are dead and the colonies are conducted and they lived that way and themerged well as they can control time in 5th dimension !! Once they started to encounter another global collosal they started to build the warmhole to get the past humans , they build the Tessaract to Cooper as I said Cooper is a famous astronout so .... And that is not a paradox because they actually did the plan B and themerged and once they achieved the ability to the 5th dimension they bought the past Humans There are multiple theories on it... With me... If you want to hear Lthemme know And there are lot of proofs on the theory I mentioned above.....so it is not paradoxical! Thanks for spending time Hope you take a look at my Channel..too",True,1317,252,9,0,1,0,optimism,1
@ousiavazia,2023-02-15T04:37:57Z,0,this movie is basically nolan's La Jetee,zBNKrja8dyY,True,en,this movie is basically nolan's La Jetee,True,40,7,0,0,0,0,joy,0
@spottieryeti6552,2024-01-03T23:34:40Z,0,I had a 3.5 hour flight on Saturday coming home from spending Christmas with Family. This was the only movie (that I hadn’t watched) that really caught my attention cuz I don’t have time to just sit down and watch a 3 hour movie. It was incredible. I knew it was going to be good. I just didn’t imagine it would be that good. Thank you for this breakdown. Helped teach me a lot!!,ASkz5prADQA,True,en,I had a 3.5 hour flight on Saturday coming home from spending Christmas with Family. This was the only movie (that I hadn’t watched) that really caught my attention because I denial of normal’t have time to just sit down and watch a 3 hour movie. It was incredible. I knew it was going to be good. I just didn’t imagine it would be that good. Thank you for this breakdown. Helped teach me a lot!!,True,396,76,8,1,1,1,joy,1
@emy1111,2020-01-26T18:59:39Z,1,Christopher Nolan understands the fact that love does not exist in the field of time and conscience.,t6kqaip7WS4,True,en,Christopher Nolan understands the fact that love does not exist in the field of time and conscience.,True,100,17,1,0,0,1,anticipation,1
@Excessium311,2020-03-06T00:04:43Z,0,we really need this or are people really that dumb?,j3DuONZb3Ik,True,en,we really need this or are people really that dumb?,True,51,10,1,0,-1,-1,anger,-1
@ilovemin01,2021-12-04T20:38:13Z,1,I didnt understand anything but i loved innerstellar,JqKa6qyVYgg,True,en,I didnt understand anything but i loved innerstellar,True,52,8,0,1,0,1,joy,1
@mauricecondran8200,2026-01-20T02:19:20Z,0,Your review/breakdown of Interstellar is all over the place…a mess…when you focus on scene it is correct but………you jump around from start to end to in-between……would have been cleaner to follow the film’s layout…….,zBNKrja8dyY,True,en,Your review/breakdown of Interstellar is all over the place…a mess…when you focus on scene it is correct but………you jump around from start to end to in-between……would have been cleaner to follow the film’s layout…….,True,214,34,1,0,-1,0,disgust,1
@davisgeorge7926,2022-12-01T15:34:55Z,0,Of course these are all theories,JqKa6qyVYgg,True,en,Of course these are all theories,True,32,6,0,0,0,0,anticipation,0
@joeyAPB,2024-12-27T16:25:48Z,0,My girlfriend says she cant get in to interstellar everytime she watches it ive seen it like 3 times ima make her watch it with me next time lol😂 then we watching this,4f9V-8BHONo,True,en,My girlfriend says she cant get in to interstellar everytime she watches it i have seen it like 3 times I am a make her watch it with me next time laughing out loud😂 then we watching this,True,187,38,0,0,0,1,joy,1
@zelmoziggy,2023-11-28T16:42:58Z,0,"Cooper misstated Murphy’s Law, and Tom was correct. Cooper was describing a theorized outcome of quantum superposition.",ASkz5prADQA,True,en,"Cooper misstated Murphy’s Law, and Tom was correct. Cooper was describing a theorized outcome of quantum superposition.",True,119,17,2,0,0,0,anticipation,0
@joeyvalentino7,2025-10-13T22:45:14Z,2,"Interesting how Dr Mann tells Cooper how they sent humans because of humans ability to improvise and push through because at the moment of death you’ll see your kids faces. Yet, all the astronauts on the Lazarus missions did not have any kids",ASkz5prADQA,True,en,"Interesting how Dr Mann tells Cooper how they sent humans because of humans ability to improvise and push through because at the moment of death you’ll see your kids faces. Yet, all the astronauts on the Lazarus missions did not have any kids",True,242,43,1,0,0,1,anticipation,0
@user-cd7wo1mu9j,2023-06-04T13:27:16Z,1,"One of the best DD yet! I watched this movie once and really didn't much of it. And I've been wanting to go back and watch it again, cause I know there is so much more there. But sadly, MCU and Spidey verse has taken up much of my focus. But watching this DD and now just realizing how much Literature was packed into this, makes me want to read the books and watch the movie again. Interstellar is more than just a scifi movie, to call it that is a serious injustice to the film. This film is far more thought provoking and pulls from every source of human intelligence. This is a very unrated movie and I will watch it again with a newer perspective.",ASkz5prADQA,True,en,"One of the best don't die yet! I watched this movie once and really did not much of it. And I have been wanting to go back and watch it again, cause I know there is so much more there. But sadly, MCU and Spidey verse has taken up much of my focus. But watching this don't die and now just realizing how much Literature was packed into this, makes me want to read the books and watch the movie again. Interstellar is more than just a scifi movie, to call it that is a serious injustice to the film. This film is far more thought provoking and pulls from every source of human intelligence. This is a very unrated movie and I will watch it again with a newer perspective.",True,669,131,8,1,1,1,sadness,1
@Booosch,2026-04-23T00:59:46Z,0,The “future civilizations” are just humans that died and moved to a higher dimension. There was no say “evolutuon”.,kcVdY-PKHdk,True,en,The “future civilizations” are just humans that died and moved to a higher dimension. There was no say “evolutuon”.,True,115,19,2,0,-1,1,sadness,-1
@BlurlikeJapanese,2025-08-22T17:17:40Z,0,Chal chal chal,Ibcs3bVtVR8,True,tn,"Come on, come on, come on",True,25,6,0,1,0,1,joy,0
@momothekid47,2022-04-18T18:46:52Z,0,"There is a part in the Old Testament where I think someone (Joshua I believe) asks God to stop time and He does! The sun stops at its point in the sky. I may be remembering it wrong and anyone can correct me. But I’ve always wondered how God in the King James Bible relates to our ideas of time. And there’s a few other examples in the rest of the Bible where time is not the same for us as it is for God. Just meditating on it, that’s all!",JqKa6qyVYgg,True,en,"There is a part in the Old Testament where I think someone (Joshua I believe) asks God to stop time and He does! The sun stops at its point in the sky. I may be rthemthembering it wrong and anyone can correct me. But I’ve always wondered how God in the King James Bible relates to our ideas of time. And there’s a few other examples in the rest of the Bible where time is not the same for us as it is for God. Just meditating on it, that’s all!",True,444,91,6,0,0,1,optimism,1
@darkzak47,2024-01-16T04:00:35Z,0,It always baked my noodle that time was not a constant,JqKa6qyVYgg,True,en,It always baked my noodle that time was not a constant,True,54,11,0,0,0,0,joy,0
@ugoeze7360,2022-12-10T17:31:21Z,0,"“Heavy Second Spoilers” (not trademarked) analysis should be an ongoing segment, Paul. Well done, good sir. Well done.",zBNKrja8dyY,True,en,"“Heavy Second Spoilers” (not tradthemarked) analysis should be an ongoing segment, Paul. Well done, good sir. Well done.",True,120,18,3,1,1,1,joy,1
@tejasg2836,2026-02-19T12:03:13Z,0,L,QBSw8nSVpmI,True,st,L,True,1,1,0,0,0,1,sadness,1
@piotrjuszczyk1,2021-10-10T21:19:16Z,0,Beautyfull but stupid.,j3DuONZb3Ik,True,en,Beautyfull but stupid.,True,22,3,1,0,-1,-1,anger,-1
@fleetstreet11,2023-08-22T18:26:42Z,0,You honor your father.,ASkz5prADQA,True,en,You honor your father.,True,22,4,1,1,0,1,optimism,1
@dfunk5000,2014-11-11T14:33:55Z,0,"The ending was dumb...how did the daughter know ann hathway was on the planet alone? Why wouldn't they sent a shuttle to come and collect her? When Mathew is returning through the worm hole he hifi's hathway back in the past, when she is beginning the mission (so he has returned to the past). But when he leaves the wormhole he is years into the future???? Huh??? Plus you'd think the daughters kids would want to meet their grandfather, none of her family even approach him.??? Weirddd",qhW1HfSuPVQ,True,en,"The ending was dumb...how did the daughter know ann hathway was on the planet alone? Why would not they sent a shuttle to come and collect her? When Mathew is returning through the worm hole he hifi's hathway back in the past, when she is beginning the mission (so he has returned to the past). But when he leaves the wormhole he is years into the future???? Huh??? Plus you would think the daughters kids would want to meet their grandfather, none of her family even approach him.??? Weirddd",True,492,89,7,0,-1,-1,disgust,-1
@d0ntreply,2020-12-06T04:58:27Z,0,"i think this might be my favourite space movie ever, besides from apollo13 this is a super close 2nd.",qhW1HfSuPVQ,True,en,"i think this might be my favourite space movie ever, besides from apollo13 this is a super close 2nd.",True,101,19,1,1,1,1,joy,1
@SHANKZZYT,2025-10-14T18:34:08Z,5,Bro pls tell about time in Miller's planet,dMl_GhbcP0c,True,en,brother please tell about time in Miller's planet,True,49,8,0,0,0,1,anticipation,1
@anjmiller,2023-08-23T23:55:41Z,0,Wow. It's one of my favorite movies of all time. And now you've given it so much more meaning and wonder. Thankyou.,ASkz5prADQA,True,en,Wow. it is one of my favorite movies of all time. And now you have given it so much more meaning and wonder. Thankyou.,True,118,24,4,1,1,1,joy,1
@sammylpt9076,2020-05-25T22:10:20Z,0,What's weird is that this is one of my favourite movies yet evidently I have not got past the part where he goes into the wormhole to communicate with his daughter. I had no idea there was this ending of seeing his daughter.,j3DuONZb3Ik,True,en,what is weird is that this is one of my favourite movies yet evidently I have not got past the part where he goes into the wormhole to communicate with his daughter. I had no idea there was this ending of seeing his daughter.,True,225,44,2,0,-1,1,sadness,-1
@AlexS-wv4ur,2023-04-12T02:35:31Z,1,Eric this channel is just perfect. Your absolute love for film shines in these videos and your fucking mind is insane to witness. Thank you.,ASkz5prADQA,True,en,Eric this channel is just perfect. Your absolute love for film shines in these videos and your fucking mind is insane to witness. Thank you.,True,140,25,3,1,1,1,joy,1
@bouquetofroses3416,2023-02-10T20:42:35Z,0,Dang I gotta go watch Interstellar again,I1AXx1XmQrc,True,en,Dang I got to go watch Interstellar again,True,41,8,0,1,0,1,joy,0
@koalacat6946,2023-04-15T15:40:56Z,0,"Please make a video on 2001: A Space Odyssey. It has to have one of the most confusing endings ever, and I really wanna see your take on what the movie really means. I don’t think anyone on the internet really understands this movie, but I feel like you could do a better job of piecing it together than most people.",ASkz5prADQA,True,en,"Please make a video on 2001: A Space Odyssey. It has to have one of the most confusing endings ever, and I really want to see your take on what the movie really means. I denial of normal’t think anyone on the internet really understands this movie, but I feel like you could do a better job of piecing it together than most people.",True,331,64,3,0,-1,-1,anticipation,1
@octoo_q,2025-08-12T19:08:02Z,0,I just watched interstellar and it was very confusing like my best friend needed to explain it to me and I searched to google and watch this video I'm still confused a bit but I understand the ending now,j3DuONZb3Ik,True,en,I just watched interstellar and it was very confusing like my best friend needed to explain it to me and I searched to google and watch this video I am still confused a bit but I understand the ending now,True,204,40,0,0,-1,0,anticipation,1
@SittingOnACornflake,2020-09-02T03:29:00Z,0,This is a really good video M8. It’s the bloody Nolanpalooza,qhW1HfSuPVQ,True,en,This is a really good video friend. It’s the bloody Nolanpalooza,True,64,11,1,1,1,1,joy,1
@revparravager,2020-04-09T03:58:07Z,2,"While seemingly complex, the ending of Interstellar always struck me as actually VERY simple to explain. The fact that the protagonist actually TELLS you precisely what is happening is the key. The fact that a species who has evolved beyond the normal limitations of Space-Time and is trying to communicate with a Human is the explanation. Its all a matter of perspective and in order to achieve a state of control within a 3 dimensional frame of reference that he could understand required them to forcibly ""simplify"" it to ensure that he can understand. This is precisely why (and its even explained by he himself) they limited his ""interface"" with them to a very small 3 dimensional set of coordinates but extrapolated over the duration of time. Now admittedly this is where the movie goes off the rails a bit because it has fallen into an ""oversimplification trap"" as it regards Time which is often the error in any movie in which Time is being manipulated, traversed or made flexible. Time is NOT, I repeat NOT, a ""dimension"" let alone a ""4th dimension"". Dimensions are STRICTLY defined by physical parameters and what has to be understood is that Time is a component of that Space that is intrinsically linked. Space and Time (or more accurately Spacetime because they cannot be separated) are bound inextricably and while they do function mathematically as a 4 dimensional manifold its less about actual dimensionality and more about a dimension in the sense of just another variable to be considered in what would otherwise be a strictly x, y, z system. In the case of this movie the species which is communicating with him (or rather allow HIM to communicate with his daughter using their technology) is able to traverse ""time"" because he is manipulating Gravity. Its already known that Gravity and its influence on Time is very well defined. For example, the best know relationship is such that at faster velocities (and thus greater and greater Gravity) time literally slows down within that frame of reference as it relates to other frames of reference. The fact that everyone has heard the very basic example of ""as you travel near the speed of light time appears to stop for the traveler but only from outside their reference as observed by someone NOT travelling at the speed of light"" but the correlary to this situation is that to the person who is moving at light speed the outside universe would appear to be on ""Fast Forward"" compared to them. The ONLY reason this occurs is NOT because you are traveling fast its because by doing so you are also increasing the force of gravity and thus warping the flow of time because you literally gain Mass the faster you go. More Mass, more Gravity. More Gravity, Slower Time. At the core of a Black Hole for instance you would have the unenviable experience to be being pulled apart at the atomic level and also stretched for what would essentially be the end of the Universe. THESE Beings (whether they are really Us or just Helpful Aliens, it doesn't matter) allow him to manipulate Gravity to allow him to communicate by figuring it out within his own context. They are limited in their interactions with him because it would be like having a Human try to communicate and empower a 2-dimensional ""flat"" lifeform to exist within an infinite number of planes that extend along Time. We are not able to just ""lower our dimensionality"" whenever we want to be able to somehow magically become 2-dimensional to have a nice little chat with such a being, so in much the same way these Beings can't do that with him, though if they could it would be soooo much easier.",j3DuONZb3Ik,True,en,"While sethemingly complex, the ending of Interstellar always struck me as actually VERY simple to explain. The fact that the protagonist actually TELLS you precisely what is happening is the key. The fact that a species who has evolved beyond the normal limitations of Space-Time and is trying to communicate with a Human is the explanation. Its all a matter of perspective and in order to achieve a state of control within a 3 dimensional frame of reference that he could understand required ththem to forcibly ""simplify"" it to ensure that he can understand. This is precisely why (and its even explained by he himself) they limited his ""interface"" with ththem to a very small 3 dimensional set of coordinates but extrapolated over the duration of time. Now admittedly this is where the movie goes off the rails a bit because it has fallen into an ""oversimplification trap"" as it regards Time which is often the error in any movie in which Time is being manipulated, traversed or made flexible. Time is NOT, I repeat NOT, a ""dimension"" let alone a ""4th dimension"". Dimensions are STRICTLY defined by physical parameters and what has to be understood is that Time is a component of that Space that is intrinsically linked. Space and Time (or more accurately Spacetime because they cannot be separated) are bound inextricably and while they do function maththematically as a 4 dimensional manifold its less about actual dimensionality and more about a dimension in the sense of just another variable to be considered in what would otherwise be a strictly x, why, z systthem. In the case of this movie the species which is communicating with him (or rather allow HIM to communicate with his daughter using their technology) is able to traverse ""time"" because he is manipulating Gravity. Its already known that Gravity and its influence on Time is very well defined. For example, the best know relationship is such that at faster velocities (and thus greater and greater Gravity) time literally slows down within that frame of reference as it relates to other frames of reference. The fact that everyone has heard the very basic example of ""as you travel near the speed of light time appears to stop for the traveler but only from outside their reference as observed by someone NOT travelling at the speed of light"" but the correlary to this situation is that to the person who is moving at light speed the outside universe would appear to be on ""Fast Forward"" compared to ththem. The ONLY reason this occurs is NOT because you are traveling fast its because by doing so you are also increasing the force of gravity and thus warping the flow of time because you literally gain Mass the faster you go. More Mass, more Gravity. More Gravity, Slower Time. At the core of a Black Hole for instance you would have the unenviable experience to be being pulled apart at the atomic level and also stretched for what would essentially be the end of the Universe. THESE Beings (whether they are really Us or just Helpful Aliens, it does not matter) allow him to manipulate Gravity to allow him to communicate by figuring it out within his own context. They are limited in their interactions with him because it would be like having a Human try to communicate and thempower a 2-dimensional ""flat"" lifeform to exist within an infinite number of planes that extend along Time. We are not able to just ""lower our dimensionality"" whenever we want to be able to somehow magically become 2-dimensional to have a nice little chat with such a being, so in much the same way these Beings cannot do that with him, though if they could it would be soooo much easier.",True,3641,632,20,1,0,1,anticipation,1
@Kolombwolf,2015-04-14T20:15:41Z,0,"Lives, Lived, will Live",R1cexcjdyIE,True,en,"Lives, Lived, will Live",True,23,4,0,0,0,1,optimism,0
@balakrishnanbalakrishnan3167,2021-04-05T15:39:19Z,1,ഹൊ ..... എന്റെ കിളി പോയി,VSuF_hK3qMI,True,ml,Oh ... my parrot flew away,True,26,6,1,0,0,-1,sadness,0
@chrisosbourne5007,2025-06-07T14:12:36Z,0,Epic brilliant deep dive what YouTube was built for,ASkz5prADQA,True,en,Epic brilliant deep dive what YouTube was built for,True,51,9,0,1,1,1,joy,1
@jimmybopeep6425,2025-06-01T12:37:54Z,0,Uhhhh uhhhhh uhhhh this guy is too annoying,4f9V-8BHONo,True,en,Uhhhh uhhhhh uhhhh this guy is too annoying,True,43,8,0,0,-1,-1,anger,-1
@tanyalan511,2023-05-15T19:33:56Z,0,Interstellar is the same story as Divine comedy by Dante.,ASkz5prADQA,True,en,Interstellar is the same story as Divine comedy by Dante.,True,57,10,1,0,0,1,joy,1
@eshandesilva,2018-11-08T20:53:17Z,0,Wow never thought reading comments would help to learn other people's perspectives.,NXhdt1R6TYE,True,en,Wow never thought reading comments would help to learn other people's perspectives.,True,83,12,1,0,0,1,anticipation,1
@jomoody798,2016-03-01T04:11:08Z,20,"This movie is in my top 1. This is literaly the only movie I sit to watch when it is on TV. I swear. I get concentrated, and that doesn't happen anymore, lately at least. I sit there to wwatch it like I did when I watched The Lion King when I was 5. That much. This film just gets me and makes me cry and puts me in great tension and... JUST FLAWLESS!!!",BHsFzDON6pA,True,en,"This movie is in my top 1. This is literaly the only movie I sit to watch when it is on television. I swear. I get concentrated, and that does not happen anymore, lately at least. I sit there to wwatch it like I did when I watched The Lion King when I was 5. That much. This film just gets me and makes me cry and puts me in great tension and... JUST FLAWLESS!!!",True,362,75,8,1,1,1,sadness,1
@sreejakb670,2021-03-18T14:58:10Z,0,164liker,VSuF_hK3qMI,True,nb,164 likes,True,9,2,0,0,0,-1,joy,1
@TheBowgo,2025-03-16T00:30:55Z,1,Can’t keep my self focus because of all the “ehheahh”…,4f9V-8BHONo,True,en,Can’t keep my self focus because of all the “ehheahh”…,True,54,10,0,0,-1,-1,sadness,0
@josiahanderson9328,2026-03-21T18:20:44Z,0,"I have always adored Interstellar (2014) ever since I first watched in 2017. It is one of only about (and, one of the first) ten or so films to leave me completely floored.",iWrFVvEgFYI,True,en,"I have always adored Interstellar (2014) ever since I first watched in 2017. It is one of only about (and, one of the first) ten or so films to leave me completely floored.",True,172,33,2,1,1,1,joy,1
@midjrxo6346,2021-05-06T19:54:39Z,0,Wew Onnum manasilayila,dMl_GhbcP0c,True,xh,"Wow, I did not understand anything.",True,35,6,1,0,-1,-1,surprise,1
@saibha5152,2023-04-20T00:38:15Z,0,Wow wow wow fantastic explanation❤❤❤❤❤❤❤❤❤❤,4-6zBotsi-s,True,en,Wow wow wow fantastic explanation❤❤❤❤❤❤❤❤❤❤,True,43,5,0,1,1,1,joy,1
@awayforthewin1325,2017-10-29T22:37:55Z,0,You wouldnt be able to jump in and change your timeline because your mind exist in that timeline. Your brain would have the exact nueron interactions and would make the same descisions and have the same thoughts.,R1cexcjdyIE,True,en,You wouldnt be able to jump in and change your timeline because your mind exist in that timeline. Your brain would have the exact nueron interactions and would make the same descisions and have the same thoughts.,True,212,37,2,0,0,-1,anticipation,0
@mayankthakur9335,2020-04-03T03:48:25Z,0,So in the nut shell there are no other type-3 civilization other then humans in the whole universe...that so lonley at the time of COVID-19 lockdown..lol,j3DuONZb3Ik,True,en,So in the nut shell there are no other type-3 civilization other then humans in the whole universe...that so lonley at the time of COVID-19 lockdown..laughing out loud,True,167,28,2,0,0,-1,joy,-1
@elbow27,2024-09-01T08:36:42Z,0,you do realise there were two coopers on 2 different timelines??,qhW1HfSuPVQ,True,en,you do realise there were two coopers on 2 different timelines??,True,64,11,1,0,0,-1,anticipation,0
@Andrew-lc8lq,2023-05-16T20:13:24Z,0,"Damn, that was good.",ASkz5prADQA,True,en,"Damn, that was good.",True,20,4,1,1,1,0,joy,1
@manuharigamer777,2020-08-24T13:00:02Z,0,Interstellar Kanaan Mystery Theatreil pokukaaa,qOngRXgUTN4,True,cy,Will Interstellar go to the Mystery Theatre?,True,44,7,1,0,0,0,anticipation,0
@Raumance,2020-03-05T19:57:12Z,0,"Wow, what a movie. Good video as well.",j3DuONZb3Ik,True,en,"Wow, what a movie. Good video as well.",True,38,8,2,1,1,1,joy,1
@thadz2493,2020-10-10T09:49:25Z,0,So Cooper is stuck as the eternal Librarian?!?! Since time inside a black hole is non-existent or is opposite and the same at the same time.,j3DuONZb3Ik,True,en,So Cooper is stuck as the eternal Librarian?!?! Since time inside a black hole is non-existent or is opposite and the same at the same time.,True,140,26,2,0,-1,-1,disgust,-1
@jalves6494,2014-11-13T19:31:17Z,0,"I wanna punch those 3 guys in the face for even putting Nolan and M. Night in the same sentence , not a Nolan fan boy but Jesus Christ can a movie come out that truly is a masterpiece and people just accept its ambition , the movie makes perfect sense and for people to say a topic that is completely based on theory is wrong then your uneducated , scientists havent come close to understanding them completely and the ones that are closest to understanding them praise this movie and say its completely accurate , so why can't Nolan say that a fall into a black hole brang him to his daughters room ? Or bookshelf , funny how books are kind of like a time machine in itself if you think about it , why can Kubrick make the most ridiculously ambitious ending of 2001 which I gaurentee makes alot less sense and people praise him for it , I just dont understand why people have to nit pick this much , I can literally nit pick ANY movie and make it sound like it has plot holes bottom line",qhW1HfSuPVQ,True,en,"I want to punch those 3 guys in the face for even putting Nolan and am. Night in the same sentence , not a Nolan fan boy but Jesus Christ can a movie come out that truly is a masterpiece and people just accept its ambition , the movie makes perfect sense and for people to say a topic that is completely based on theory is wrong then your uneducated , scientists havent come close to understanding ththem completely and the ones that are closest to understanding ththem praise this movie and say its completely accurate , so why cannot Nolan say that a fall into a black hole brang him to his daughters room ? Or bookshelf , funny how books are kind of like a time machine in itself if you think about it , why can Kubrick make the most ridiculously ambitious ending of 2001 which I gaurentee makes a lot less sense and people praise him for it , I just don't understand why people have to nit pick this much , I can literally nit pick ANY movie and make it sound like it has plot holes bottom line",True,998,194,2,0,-1,1,anger,1
@truthseekeratheist9105,2021-07-26T11:31:52Z,0,If that were true then how could a civilization determine its destiny if that destiny couldn’t happen unless time was altered to ensure its survival. In interstellar the five dimensional beings save themselves by building the tesseract inside the black hole. The presumption is they must have been already saved in order to save themselves. It’s a paradox that doesn’t really work.,R1cexcjdyIE,True,en,If that were true then how could a civilization determine its destiny if that destiny couldn’t happen unless time was altered to ensure its survival. In interstellar the five dimensional beings save ththemselves by building the tesseract inside the black hole. The presumption is they must have been already saved in order to save ththemselves. It’s a paradox that doesn’t really work.,True,385,62,4,0,-1,-1,anticipation,1
@kevinbushey1879,2024-12-14T06:05:46Z,0,I waisted 40 years working on cars for peanuts and all I had to do is start a u tube channel and in a couple of years I would be a millionaire.so much waisted time. Black hole is my wallet 😂😂😂,4f9V-8BHONo,True,en,I waisted 40 years working on cars for peanuts and all I had to do is start a you tube channel and in a couple of years I would be a millionaire.so much waisted time. Black hole is my wallet 😂😂😂,True,194,41,2,0,0,-1,joy,1
@bigsteele45,2023-04-22T14:13:36Z,0,Absolutely amazing work on this video. Makes me enjoy the movie even more,ASkz5prADQA,True,en,Absolutely amazing work on this video. Makes me enjoy the movie even more,True,73,13,1,1,1,1,joy,1
@Jeeshansameer2165,2025-04-14T16:29:34Z,0,No Matter How Overrated I Sound Interstellar Is My Favourite Movie Everytime I Watch It I Get Emotional I Hope One Day I Get To Experience It In IMAX,ASkz5prADQA,True,en,No Matter How Overrated I Sound Interstellar Is My Favourite Movie Everytime I Watch It I Get themotional I Hope One Day I Get To Experience It In IMAX,True,151,29,0,1,1,1,joy,1
@johntremendol,2017-08-31T16:22:59Z,2,This Video Essay moved me about as much as Interstaller did on my first viewing. Absolutely Surreal Video. Just subscribed.,t6kqaip7WS4,True,en,This Video Essay moved me about as much as Interstaller did on my first viewing. Absolutely Surreal Video. Just subscribed.,True,123,20,3,1,1,-1,joy,0
@jackguess762,2023-02-13T16:47:05Z,1,"When Damon and Cooper were fighting and Damon said “don’t judge me, few men have been tested like I have” that was an awesome line with the music and everything and thinking about how Cooper is fighting not to die; and be left on a planet in the middle of space knowing he will never see his family again, and I think it makes you put yourself in damons shoes being doomed in the middle of infinite space all alone on some planet. And knowing if you just press a button you might be saved, and going to sleep with no waking date would also be a crazy thing to do. I’m not saying I liked him in the movie because he was pretty evil, 😂but when you think about it, most people would probably do what he did",zBNKrja8dyY,True,en,"When Damon and Cooper were fighting and Damon said “denial of normal’t judge me, few men have been tested like I have” that was an awesome line with the music and everything and thinking about how Cooper is fighting not to die; and be left on a planet in the middle of space knowing he will never see his family again, and I think it makes you put yourself in damons shoes being doomed in the middle of infinite space all alone on some planet. And knowing if you just press a button you might be saved, and going to sleep with no waking date would also be a crazy thing to do. I’am not saying I liked him in the movie because he was pretty evil, 😂but when you think about it, most people would probably do what he did",True,717,141,2,0,0,1,sadness,-1
@D0M1N8R1_ALLCAPZ,2021-11-28T13:02:50Z,1,"Time is a tracking method made by man, there’s no such thing as time dilation weirdos",JqKa6qyVYgg,True,en,"Time is a tracking method made by man, there’s no such thing as time dilation weirdos",True,85,16,0,0,-1,-1,anger,-1
@Saucebanditsnut,2025-01-21T19:18:45Z,0,I watched this movie with my dad for the first time,Et9cKWWZ0LM,True,en,I watched this movie with my dad for the first time,True,51,11,0,0,1,1,joy,0
@rupammalakar4035,2020-07-27T11:43:50Z,0,Thank you for the details.,j3DuONZb3Ik,True,en,Thank you for the details.,True,26,5,1,1,1,1,joy,1
@Abood99222,2022-08-11T15:34:24Z,0,"It’s one of my favorite movies of all time, but I can’t understand why “they” took a huge risk to put a blackhole in a place where literally only one person can solve. A million things could have gone wrong",XiDFc5aIqFg,True,en,"It’s one of my favorite movies of all time, but I can’t understand why “they” took a huge risk to put a blackhole in a place where literally only one person can solve. A million things could have gone wrong",True,206,40,1,0,-1,1,fear,-1
@itzmeeran,2018-12-04T15:24:50Z,0,Still gives me goosebumps.,NXhdt1R6TYE,True,en,Still gives me goosebumps.,True,26,4,1,1,1,1,joy,0
@thevoiceinthewalls,2021-08-31T00:17:23Z,0,Ok can anyone tell me this I tell someone I will jump up from the white house at 12:15 but I will actually jump at 12:16 does that open another time line from the one I lied about? does that change my demeton?,R1cexcjdyIE,True,en,okay can anyone tell me this I tell someone I will jump up from the white house at  but I will actually jump at  does that open another time line from the one I lied about? does that change my dthemeton?,True,203,41,2,0,0,0,anticipation,-1
@worldofvloging2128,2021-04-05T17:53:13Z,0,Arra appo 5th dimensionil givikkunne,dMl_GhbcP0c,True,et,"So, they are living in the 5th dimension?",True,41,8,1,0,0,0,anticipation,0
@alastairsavin5254,2015-05-22T17:50:14Z,0,"Best review of the film ive seen as he pretty much said everything that I thought of the film, as I thought that the ending was way too neat and the bit that I think he thinks that it should have ended on is also when I also think it should have ended.",BHsFzDON6pA,True,en,"Best review of the film i have seen as he pretty much said everything that I thought of the film, as I thought that the ending was way too neat and the bit that I think he thinks that it should have ended on is also when I also think it should have ended.",True,255,54,1,1,1,1,joy,1
@REALISMANDMINDURDU0,2023-02-02T10:09:55Z,2,Can anybody recommend me any movie like interstellar please interstellar is my all time favorite especially when Murph say ( because my dad promised me ) 🥺 ?,JqKa6qyVYgg,True,en,Can anybody recommend me any movie like interstellar please interstellar is my all time favorite especially when Murph say ( because my dad promised me ) 🥺 ?,True,157,28,1,1,1,1,joy,1
@dhirajgolchha2527,2024-11-26T15:41:11Z,0,You definitely did not explain anything in an easy way,JqKa6qyVYgg,True,en,You definitely did not explain anything in an easy way,True,54,10,0,0,-1,-1,disgust,1
@MarvinThomas-nw3yi,2025-11-18T12:22:00Z,0,"Edmund's might be like Tatooine or Vulcan, formerly lush but made much more arid by external circumstances. That was my favorite quest line in Knights of the Old Republic, learning how the Sand People lived as they did as a penance for turning the planet into a desert in the distant past.",5I8YSiSp8rc,True,en,"Edmund's might be like Tatooine or Vulcan, formerly lush but made much more arid by external circumstances. That was my favorite quest line in Knights of the Old Republic, learning how the Sand People lived as they did as a penance for turning the planet into a desert in the distant past.",True,289,52,2,0,1,1,joy,1
@ThinkFitMind,2025-04-02T10:16:20Z,1,"I always thought of the fifth beings as the ones that Amelia saved and incubated in Wolfs planet. In the original timeline, Amelia lived on in the planet and that humans evolved beyond, so then they created this whole new world/wormhole to 'fix' the past and save the original humans",UvmqsjHdXRU,True,en,"I always thought of the fifth beings as the ones that Amelia saved and incubated in Wolfs planet. In the original timeline, Amelia lived on in the planet and that humans evolved beyond, so then they created this whole new world/wormhole to 'fix' the past and save the original humans",True,283,50,1,0,0,1,anticipation,1
@jackfroste,2025-10-16T23:22:55Z,0,Love truly does transcend all dimensions. Amazing that Kip Thorne and Nolan were able to put this wonderful story together.,j3DuONZb3Ik,True,en,Love truly does transcend all dimensions. Amazing that Kip Thorne and Nolan were able to put this wonderful story together.,True,123,20,2,1,1,1,joy,1
@bedfordcamper,2016-12-04T15:55:11Z,0,The point he raises at the end about entering our life at different points is actually dealt with in Vonnegut's Slaughterhouse Five,R1cexcjdyIE,True,en,The point he raises at the end about entering our life at different points is actually dealt with in Vonnegut's Slaughterhouse Five,True,131,22,0,0,0,1,anticipation,0
@Sindowne,2021-06-11T19:11:17Z,13627,"This shit was filmed in my hometown. If I recall correctly production gave all the fucking crops they actually had to grow for the opening scenes of the film to local farmers to boost the local economy, and I'll always respect how much they helped with that.",I1AXx1XmQrc,True,en,"This shit was filmed in my hometown. If I recall correctly production gave all the fucking crops they actually had to grow for the opening scenes of the film to local farmers to boost the local economy, and I will always respect how much they helped with that.",True,260,48,2,0,-1,-1,anger,1
@tanima_ghosh,2020-03-10T15:17:30Z,0,"""STAY"" its made me cry.. undoubtedly great movie",j3DuONZb3Ik,True,en,"""STAY"" its made me cry.. undoubtedly great movie",True,48,8,1,1,1,1,sadness,1
@ernststravoblofeld,2023-11-16T05:12:02Z,0,"We are the three dimensional ""superbeings"" who are watching two dimensional beings in a movie, who were created by one of us.",ASkz5prADQA,True,en,"We are the three dimensional ""superbeings"" who are watching two dimensional beings in a movie, who were created by one of us.",True,125,22,1,0,0,1,joy,1
@redmed10,2024-08-18T23:17:18Z,0,So what was the hidden meaning? Edit four months later - whats a book?,ASkz5prADQA,True,en,So what was the hidden meaning? Edit four months later - whats a book?,True,70,14,2,0,0,-1,anticipation,0
@Mamu0213,2021-07-06T10:13:18Z,0,what is the background music in this video called??...or where can i find it?,j3DuONZb3Ik,True,en,what is the background music in this video called??...or where can i find it?,True,77,14,2,0,0,-1,anticipation,0
@hamimhadik2057,2021-04-14T09:52:46Z,1,Underrated channel🖤,dMl_GhbcP0c,True,en,Underrated channel🖤,True,19,2,0,1,-1,1,anger,1
@psycheevolved1428,2020-08-09T08:50:04Z,1,B+? You high? It's an A*!!!!,BHsFzDON6pA,True,en,B+? You high? it is an A*!!!!,True,29,7,3,0,0,0,joy,0
@subalakshmij3372,2019-12-27T19:15:03Z,0,Wormhole nalla purinjudhu,4-6zBotsi-s,True,la,Wormhole is understandable.,True,27,3,1,0,0,1,disgust,0
@walawala3366,2023-04-13T15:15:46Z,0,Very well done I love the details makes you appreciate the movie even more,ASkz5prADQA,True,en,Very well done I love the details makes you appreciate the movie even more,True,74,14,0,1,1,1,joy,1
@bxjrol1,2025-01-04T11:55:31Z,0,"Just like with ""The Terminator,"" I would love to hear theories about the 1st time line and how humanity made it to the point where they could manipulate different levels of dimension. Why did the future beings have to create opportunities for humans when they made it there before?",j3DuONZb3Ik,True,en,"Just like with ""The Terminator,"" I would love to hear theories about the 1st time line and how humanity made it to the point where they could manipulate different levels of dimension. Why did the future beings have to create opportunities for humans when they made it there before?",True,281,49,2,0,0,1,anticipation,1
@majidadk687,2021-03-18T14:33:13Z,1,😘❤️❤️favt movie ❤️❤️❤️❤️,VSuF_hK3qMI,True,sk,😘❤️❤️favorite movie ❤️❤️❤️❤️,True,28,3,0,1,1,1,joy,1
@SaketView,2021-03-21T11:27:50Z,27,"Cinema Stellar: I'm going to explain the scientific details of Interstellar Me : It's not possible Cinema Stellar : no, it's necessary 🙆‍♀️🙆‍♀️🙆‍♀️🙆‍♀️",VSuF_hK3qMI,True,en,"Cinthema Stellar: I am going to explain the scientific details of Interstellar Me : it is not possible Cinthema Stellar : no, it is necessary 🙆‍♀️🙆‍♀️🙆‍♀️🙆‍♀️",True,158,26,0,0,0,0,anticipation,0
@nikhiljha3895,2025-03-24T16:31:42Z,0,“Love is the one thing we’re capable of perceiving that transcends dimensions of time and space.” ~ Brand,NC78S8jNy4g,True,en,“Love is the one thing we’reply capable of perceiving that transcends dimensions of time and space.” ~ Brand,True,108,18,1,1,1,1,joy,1
@melaniemanning2462,2025-12-19T05:10:06Z,4,"When they come back from the water planet and 23 years have passed, my stomach dropped. I almost can't deal with Romily alone on that ship for 23 years. Its worse than the family waiting on Earth. A person could very well not survive mentally with that much solitude. And he has no idea what's going on with the crew.",iWrFVvEgFYI,True,en,"When they come back from the water planet and 23 years have passed, my stomach dropped. I almost cannot deal with Romily alone on that ship for 23 years. Its worse than the family waiting on Earth. A person could very well not survive mentally with that much solitude. And he has no idea what is going on with the crew.",True,319,61,5,0,-1,-1,sadness,-1
@siswatching,2025-01-18T02:20:50Z,0,I rewatched this last night on IMAX for its 10th anniversary,XiDFc5aIqFg,True,en,I rewatched this last night on IMAX for its 10th anniversary,True,60,11,0,1,1,1,joy,0
@kishore3177,2021-06-21T12:09:49Z,1,Last bagam ottum manasilayila film kandapolu Thanks manh 💞,VSuF_hK3qMI,True,yo,"I didn’t understand anything in the last part after watching the film, thanks man 💞",True,83,15,0,0,1,-1,sadness,1
@Dr.SyedSaifAbbasNaqvi,2021-12-09T09:29:44Z,1,Hi sir. Just wanted to say your narration is brilliant. Thank you. 🙏,JqKa6qyVYgg,True,en,Hi sir. Just wanted to say your narration is brilliant. Thank you. 🙏,True,68,13,3,1,1,1,joy,1
@ThamaniW,2023-01-21T23:21:04Z,0,"Why these advanced future humans couldn't help bit earlier, than the cooper and murph's time, before past humans destroy the natural world to make it uninhabitable ?",j3DuONZb3Ik,True,en,"Why these advanced future humans could not help bit earlier, than the cooper and murph's time, before past humans destroy the natural world to make it uninhabitable ?",True,166,28,1,0,-1,-1,disgust,-1
@titusjohnny,2024-09-14T02:22:37Z,0,Wormhole in the movie was created artificially by future humans and placed near saturn.,4-6zBotsi-s,True,en,Wormhole in the movie was created artificially by future humans and placed near saturn.,True,87,14,1,0,0,-1,anticipation,1
@spoddie,2024-06-03T14:47:52Z,0,The ending was stupid,zBNKrja8dyY,True,en,The ending was stupid,True,21,4,0,0,-1,-1,anger,-1
@duchieu235,2015-02-01T06:01:28Z,0,what the fuck i got even more confused watching this fucking video,qhW1HfSuPVQ,True,en,what the fuck i got even more confused watching this fucking video,True,66,12,0,0,-1,-1,anger,-1
@Random_watch,2025-05-27T17:31:55Z,3,I am going to see interstellar again 😅,NC78S8jNy4g,True,en,I am going to see interstellar again 😅,True,38,8,0,1,1,1,joy,1
@Interesting73874,2022-12-01T19:10:37Z,0,This is going to happen eventually,j3DuONZb3Ik,True,en,This is going to happen eventually,True,34,6,0,0,0,1,anticipation,0
@BharaniBablu,2021-09-28T22:49:39Z,1,Anda manushan nolana illa aliens huh.. Anda aaloda moolaiya scan panni pakkanum.. Omg😍,4-6zBotsi-s,True,fi,"That man is not a human, it is aliens huh.. They need to scan his base.. oh my God😍",True,83,19,2,1,-1,-1,joy,1
@Kvngcartier,2023-05-26T02:03:12Z,0,"I thoroughly enjoyed this and the movie! As a fellow space nerd, make me want to re-watch the movie again.",ASkz5prADQA,True,en,"I thoroughly enjoyed this and the movie! As a fellow space nerd, make me want to reply-watch the movie again.",True,109,20,2,1,1,1,joy,1
@LandonBarker-g1j,2020-08-09T03:01:57Z,2,This was one hell of a dumb movie. Pompous and arrogance and 100% boring af.,j3DuONZb3Ik,True,en,This was one hell of a dumb movie. Pompous and arrogance and 100% boring assface.,True,81,15,2,0,-1,-1,anger,-1
@edmorris2466,2020-03-05T17:47:29Z,0,How did people become people of the future to help him if earth was doomed?,j3DuONZb3Ik,True,en,How did people become people of the future to help him if earth was doomed?,True,75,15,1,0,0,1,anticipation,-1
@harisrahim4780,2021-03-27T18:53:21Z,4,I love Malayalam from Tamil Nadu,VSuF_hK3qMI,True,en,I love Malayalam from Tamil Nadu,True,32,6,0,1,1,1,joy,1
@RS-sv3bl,2021-09-27T06:43:52Z,0,Beautiful film. This summary made me cry again!,j3DuONZb3Ik,True,en,Beautiful film. This summary made me cry again!,True,47,8,2,1,1,1,joy,1
@Cosmics_,2023-04-04T07:44:18Z,0,"Age is just a number: ""Can you be my girlfriend?"" ""No way, I'm 20, and you're 27"" ""I'll wait"" *Goes to other planets*",CQpTKQloHuI,True,en,"Age is just a number: ""Can you be my girlfriend?"" ""No way, I am 20, and you are 27"" ""I will wait"" *Goes to other planets*",True,121,26,1,0,0,-1,anticipation,1
@affoidman123,2021-12-08T10:32:32Z,0,0:39 I feel bad for all the idiots that needed the explanation on what that meant . 🤡,JqKa6qyVYgg,True,en,I feel bad for all the idiots that needed the explanation on what that meant . 🤡,True,80,17,1,0,-1,-1,anger,-1
@MREiermann1000,2017-11-21T16:15:40Z,0,"how should earths future population advance far eneugh to become 5d beings and place the wormhole, if murphs gen. is the last one to survive?",qhW1HfSuPVQ,True,en,"how should earths future population advance far eneugh to become 5d beings and place the wormhole, if murphs gen. is the last one to survive?",True,141,25,2,0,0,-1,anticipation,0
@gabrielrobles4087,2018-07-31T01:09:30Z,0,If the guy entered the event horizon woypd t he have died,NXhdt1R6TYE,True,en,If the guy entered the event horizon woypd t he have died,True,57,12,0,0,-1,-1,disgust,-1
@yogesh6210,2025-04-09T13:18:58Z,0,My last two brain cells 💀😵,NC78S8jNy4g,True,en,My last two brain cells 💀😵,True,26,6,0,0,-1,1,sadness,-1
@reesesuave4039,2021-09-09T11:27:56Z,0,"“The truth will set you free, but first it will piss you off”…",JqKa6qyVYgg,True,en,"“The truth will set you free, but first it will piss you off”…",True,62,13,0,0,-1,1,anger,-1
@JustLouIt,2020-03-08T01:53:46Z,1,This movie had me crying like a baby-back bitch,j3DuONZb3Ik,True,en,This movie had me crying like a baby-back bitch,True,47,9,0,0,-1,-1,sadness,-1
@ssrrffll25,2017-09-05T08:21:55Z,1,great vid! now that it is explained here nicely i dont need to scratch my head every time i think of the movie. also subbed and pls keep them coming. i love these kind of movies.,t6kqaip7WS4,True,en,great Video! now that it is explained here nicely i don't need to scratch my head every time i think of the movie. also subbed and please keep ththem coming. i love these kind of movies.,True,186,36,4,1,1,1,joy,1
@DJaquithFL,2019-11-18T23:59:51Z,1,I would have ejected Brand (Anne Hathaway) out an airlock. It would have saved me a trip at the end.,kcVdY-PKHdk,True,en,I would have ejected Brand (Anne Hathaway) out an airlock. It would have saved me a trip at the end.,True,100,20,2,0,0,-1,anticipation,1
@JITHINN_FX,2025-06-07T14:59:06Z,2,What a movie ❤,VSuF_hK3qMI,True,en,What a movie ❤,True,14,4,0,1,1,1,joy,1
@ThatWinterRider,2025-10-21T21:22:08Z,0,Its a rough one... on one side I love the movie... on the other side its turmoil for me... being that I have a daughter. I have to be ok with crying to watch this movie.,XiDFc5aIqFg,True,en,Its a rough one... on one side I love the movie... on the other side its turmoil for me... being that I have a daughter. I have to be okay with crying to watch this movie.,True,171,36,5,0,0,0,sadness,1
@マダ阿,2017-06-26T06:37:51Z,0,I feel more confused watching this compared to the time I watched the actual movie,R1cexcjdyIE,True,en,I feel more confused watching this compared to the time I watched the actual movie,True,82,15,0,0,-1,-1,sadness,-1
@theseproblemsmatter1,2021-01-22T05:07:55Z,1,Interstellar is Nolan's best movie and the best movie ever made bcuz it represents the best of humanity in both science and love,kcVdY-PKHdk,True,en,Interstellar is Nolan's best movie and the best movie ever made because it represents the best of humanity in both science and love,True,131,23,0,1,1,1,joy,1
@tanyamiller3714,2019-11-29T22:26:12Z,0,"This is such a great explanation, beautifully done!!!!",t6kqaip7WS4,True,en,"This is such a great explanation, beautifully done!!!!",True,54,8,1,1,1,1,joy,1
@rkdambigam6460,2024-09-27T17:17:46Z,0,Not seen..,JZ9qjB2PVuE,True,fi,Not seen..,True,10,2,1,0,0,-1,sadness,0
@paulshawley6490,2023-07-25T06:28:18Z,104,"With regard to the 'missing' 13 years, wouldn't that be explained by Cooper's fall into the black hole/tesseract? I'd have thought that it might be larger than that as time would move exponentially, the closer he got to the black hole? It's an immense film, I've watched it 5 or 6 times now and Hans Zimmer is a genius. His contribution to both Sicario and Dune elevated those movies from classics to masterpieces.",QBSw8nSVpmI,True,en,"With regard to the 'missing' 13 years, would not that be explained by Cooper's fall into the black hole/tesseract? I would have thought that it might be larger than that as time would move exponentially, the closer he got to the black hole? it is an immense film, I have watched it 5 or 6 times now and Hans Zimmer is a genius. His contribution to both Sicario and Dune elevated those movies from classics to masterpieces.",True,422,77,4,0,1,1,joy,1
@devlinthornicroft9975,2020-03-29T13:46:49Z,0,"This film was near perfect for me. The concepts, the soundtrack, the visuals - everything really hit the spot in a satisfying way. There are many great scenes in the film. I find the absolute ending where old Murph is narrating about the “new home” particularly poignant.",j3DuONZb3Ik,True,en,"This film was near perfect for me. The concepts, the soundtrack, the visuals - everything really hit the spot in a satisfying way. There are many great scenes in the film. I find the absolute ending where old Murph is narrating about the “new home” particularly poignant.",True,271,47,4,1,1,1,joy,1
@MrMannyfresh78,2023-02-07T04:44:34Z,0,Interstellar is one of my favorite sci-fi movies. This breakdown wrapped everything up nicely.,zBNKrja8dyY,True,en,Interstellar is one of my favorite sci-fi movies. This breakdown wrapped everything up nicely.,True,94,14,2,1,1,1,joy,1
@relledwards2102,2019-09-04T05:16:44Z,0,This film is a work of art.. it’s scientific accuracy is simply amazing. Spending just a few minutes on that water planet and coming back to find there colleague having aged 23 years is to this day one of the most minding bending things I’ve ever seen in a movie.. 5 ⭐️’s,NXhdt1R6TYE,True,en,This film is a work of art.. it’s scientific accuracy is simply amazing. Spending just a few minutes on that water planet and coming back to find there colleague having aged 23 years is to this day one of the most minding bending things I’ve ever seen in a movie.. 5 ⭐️’s,True,271,52,3,1,1,1,joy,1
@donnie96,2023-01-26T08:22:47Z,0,"If Murph was receiving messages from her time traveling father when she was a child, doesn't that mean humanity was saved before he even left home? For the dad to even know that the best way to communicate with her was through the books, that means he has already witnessed himself saving humanity before he even went to space. If future humans made the black hole, doesn't that mean that he has already succeeded for the future humans to even exist in the first place? Time is not linear, past, present, and future are all happening at once.",j3DuONZb3Ik,True,en,"If Murph was receiving messages from her time traveling father when she was a child, does not that mean humanity was saved before he even left home? For the dad to even know that the best way to communicate with her was through the books, that means he has already witnessed himself saving humanity before he even went to space. If future humans made the black hole, does not that mean that he has already succeeded for the future humans to even exist in the first place? Time is not linear, past, present, and future are all happening at once.",True,544,100,4,0,0,0,anticipation,1
@Jiu-JitsuJourney257,2025-12-26T13:42:12Z,0,I saw it during opening weekend and I love this movie. I can’t wait for my kids to get a bit older to show them this. I cried like a baby during the messages scene. Had to hide it from my wife haha.,iWrFVvEgFYI,True,en,I saw it during opening weekend and I love this movie. I can’t wait for my kids to get a bit older to show ththem this. I cried like a baby during the messages scene. Had to hide it from my wife haha.,True,200,43,4,1,1,1,joy,1
@rajkaushik9384,2020-07-14T10:16:25Z,13,i cant disagree with him more on the ending emotional punch I was soaked at the end of the movie,BHsFzDON6pA,True,en,i cant disagree with him more on the ending themotional punch I was soaked at the end of the movie,True,98,20,0,0,-1,-1,disgust,1
@DirtyRottenInstrumentals,2025-09-28T15:28:58Z,0,"Dr Mann is the worst type of villain: a true, evil coward who things he is in the right.",j3DuONZb3Ik,True,en,"Dr Mann is the worst type of villain: a true, evil coward who things he is in the right.",True,88,19,1,0,-1,-1,anger,-1
@Kevinmathewmanayil,2021-03-19T11:51:48Z,166,Time traveling + triangle cinemaയുടെ brilliance കൂടി ചേർന്ന ഒരു fusion...,VSuF_hK3qMI,True,en,Time traveling + triangle cinthemaയുടെ brilliance കൂടി ചേർന്ന ഒരു fusion...,True,75,10,1,0,0,1,joy,1
@pcm8271,2020-07-01T13:09:03Z,2,"5tham ""parimanam""thaan varum😅😅",1w_DVgaDQ_g,True,sn,"The 5th ""measure"" will come 😅😅",True,30,6,0,0,1,1,optimism,1
@SecretsOfTheCosmos-k8n,2025-12-24T07:22:26Z,2,Could listen to this all day. Music to the ears,4f9V-8BHONo,True,en,Could listen to this all day. Music to the ears,True,47,10,1,1,1,1,joy,0
@timepasstime9288,2014-11-28T08:19:39Z,0,When he falls in black hole.. he got trap in time space in daughter's bedroom.. But then who choose to trap him behind bookshelves and not anywhere else.. anywhere on earth or anywhere in the whole universe.. So does it mean that falling in black hole takes us to people we love.. or does it go through our memories and put us where ever we want to go.. Strange..,qhW1HfSuPVQ,True,en,When he falls in black hole.. he got trap in time space in daughter's bedroom.. But then who choose to trap him behind bookshelves and not anywhere else.. anywhere on earth or anywhere in the whole universe.. So does it mean that falling in black hole takes us to people we love.. or does it go through our mthemories and put us where ever we want to go.. Strange..,True,365,69,7,0,0,-1,surprise,1
@TheSanien,2020-03-29T09:59:56Z,0,It was an interesting movie until the magic of love saved humanity... that shit should be left to Disney movies...,j3DuONZb3Ik,True,en,It was an interesting movie until the magic of love saved humanity... that shit should be left to Disney movies...,True,114,20,2,1,-1,-1,anger,1
@coachtaewherbalife8817,2024-08-28T23:35:06Z,358,Could you imagine the conversation between those on the planet with the guy in orbit. He'd hear one word a minute while they heard chipmunk chatter.,JZ9qjB2PVuE,True,en,Could you imagine the conversation between those on the planet with the guy in orbit. he would hear one word a minute while they heard chipmunk chatter.,True,152,27,2,0,0,-1,anticipation,0
@BrightLighthrdfw,2021-08-24T00:36:34Z,0,Bro no jokes are needed pls just explain the film Jesus Christ,qhW1HfSuPVQ,True,en,brother no jokes are needed please just explain the film Jesus Christ,True,69,12,0,0,0,1,joy,1
@Bob-em6kn,2021-11-17T19:59:23Z,0,"Since the film's topic has become more relevant in the following years, the movie definately will hit harder compared to back then.",j3DuONZb3Ik,True,en,"Since the film's topic has become more relevant in the following years, the movie definately will hit harder compared to back then.",True,131,22,1,0,0,0,anticipation,0
@cwright1407,2024-11-03T14:43:41Z,0,"The physics do not work at all, it’s been proven by an actual physicist… click bait as fuck 😂",CQpTKQloHuI,True,en,"The physics do not work at all, it’s been proven by an actual physicist… click bait as fuck 😂",True,93,19,0,0,-1,-1,anger,-1
@m4r797,2019-04-21T08:34:24Z,1,This is why i wanted to be a astronaut even tho im gonna miss alot when my time ends😥😥,NXhdt1R6TYE,True,en,This is why i wanted to be a astronaut even though Instant Message going to miss a lot when my time ends😥😥,True,106,22,0,0,0,0,sadness,1
@jaissegobelyn9667,2022-03-03T14:48:48Z,0,"The only thing I'm very confused to this movie is when the time Cooper fell into a time loop, or a time hole (whatever you called it cause I now forgot the term). Anyways, it's still confusing, like how he'd managed to see the other side of the time loop of his world? Did he percieve it? Did the time hole percieve it for him? B'coz the heck, He's in the middle of Interstellar voyage, without any particular connection on earth, so what the fuss just happened there? (I can connect things in his voyage, I understand single bits of it, but the fact that the time hole/time loop--whatever, just appeared from nowhere, is unexplainable for me). Thank you in advance if anyone can enlightenment me more about this awful simple complexity I can't grasp.",j3DuONZb3Ik,True,en,"The only thing I am very confused to this movie is when the time Cooper fell into a time loop, or a time hole (whatever you called it cause I now forgot the term). Anyways, it is still confusing, like how he would managed to see the other side of the time loop of his world? Did he percieve it? Did the time hole percieve it for him? B'because the heck, he is in the middle of Interstellar voyage, without any particular connection on earth, so what the fuss just happened there? (I can connect things in his voyage, I understand single bits of it, but the fact that the time hole/time loop--whatever, just appeared from nowhere, is unexplainable for me). Thank you in advance if anyone can enlightenment me more about this awful simple complexity I cannot grasp.",True,763,139,7,0,-1,-1,surprise,-1
@DriesduPreez,2023-04-20T11:39:55Z,0,"The sentimental portion wasn't a bad inclusion. The close-up of you being emotional was. It felt like those youtubers who open with a big sigh and -want- their viewers to see them emote. There's nothing wrong with emoting, there is with milking it, and I'm sorry to say that it was it came across",ASkz5prADQA,True,en,"The sentimental portion was not a bad inclusion. The close-up of you being themotional was. It felt like those youtubers who open with a big sigh and -want- their viewers to see ththem themote. there is nothing wrong with themoting, there is with milking it, and I am sorry to say that it was it came across",True,307,57,3,0,0,0,sadness,1
@lazoola2,2022-08-14T20:35:52Z,1,So aging is a function of gravity and speed ?,JqKa6qyVYgg,True,en,So aging is a function of gravity and speed ?,True,45,10,1,0,0,0,anticipation,0
@WASDsaturday,2023-07-03T14:51:38Z,3,"im understanding this like dumbledore in the harry potter movie the goblet of fire, he said ""but everytime I get close to an answer, IT SLIPS AWAY, it's maddening.""",JqKa6qyVYgg,True,en,"Instant Message understanding this like dumbledore in the harry potter movie the goblet of fire, he said ""but everytime I get close to an answer, IT SLIPS AWAY, it is maddening.""",True,178,31,1,0,-1,1,joy,-1
@Purseyes1,2026-02-24T03:03:49Z,0,"i decided to go on youtube today after looking for fan answers to why joker 2 felt shitty to me, and i'm so glad i found your channel. thank you for spazing out on youtube for us all :D",9YBpOBIsZoc,True,en,"i decided to go on youtube today after looking for fan answers to why joker 2 felt shitty to me, and I am so glad i found your channel. thank you for spazing out on youtube for us all :D",True,186,40,1,1,1,1,joy,1
@husskaned,2023-04-09T22:36:51Z,0,Hey Voss. A huge fan. I have been watching your breakdowns since the very beginning of GOT. Honestly your breakdowns help me appreciate the stories more and more going deeper and deeper as we go in the black hole in this movie. There are a thousand things i want to say but ill sum it up in a Thank You! Much love!,ASkz5prADQA,True,en,Hey Voss. A huge fan. I have been watching your breakdowns since the very beginning of GOT. Honestly your breakdowns help me appreciate the stories more and more going deeper and deeper as we go in the black hole in this movie. There are a thousand things i want to say but ill sum it up in a Thank You! Much love!,True,314,62,6,1,1,1,joy,1
@CappyLarou,2025-05-09T10:05:54Z,0,"I just sat through this movie for the 1st time, and OMG does the sound design SUCK!!! Yet again with a Nolan film, I had to turn on subtitles just understand what's being said. the music was so loud I found myself either skipping forward or just complaining about it. I'm done with Nolan and his lousy movies. this guy is over rated garbage and so is this movie.",zBNKrja8dyY,True,en,"I just sat through this movie for the 1st time, and oh my God does the sound design SUCK!!! Yet again with a Nolan film, I had to turn on subtitles just understand what is being said. the music was so loud I found myself either skipping forward or just complaining about it. I am done with Nolan and his lousy movies. this guy is over rated garbage and so is this movie.",True,370,73,5,0,-1,-1,anger,-1
@sanchitarora4448,2015-09-14T16:22:20Z,1,"Everybody says interstellar has a whole lot of flaws in it! I just don't get this why people say like this! Is science in the movie a flaw? He did a complete resarch for almost 12 years and people say it is his worst movie! F*ck this shit! Every thing in the movie is real including black wholes,warm holes, relativity of einstein, tidal waves etc,and the ending which a lot of people say was not emotionally powerful are idiots! The main motive of mcconaughey was to save the earth and come back to murph as he promised, then how it is an unnecessary thing! People say it is an overrated shit! Is'nt birdman overrated or grand budapest hotel overrated! Hans zimmer didn' t won the oscar again even after soo much of hardwork! People are jealous of christopher nolan and his ideas but the truth is that he is the best director and will always be the best director! M a bigg bigg fan of u Mr stuckmann but this time i don't agree with your thoughts! This movie deserves atleast an A or A-",BHsFzDON6pA,True,en,"Everybody says interstellar has a whole lot of flaws in it! I just do not get this why people say like this! Is science in the movie a flaw? He did a complete resarch for almost 12 years and people say it is his worst movie! F*ck this shit! Every thing in the movie is real including black wholes,warm holes, relativity of einstein, tidal waves etc,and the ending which a lot of people say was not themotionally powerful are idiots! The main motive of mcconaughey was to save the earth and come back to murph as he promised, then how it is an unnecessary thing! People say it is an overrated shit! Is'nice try birdman overrated or grand budapest hotel overrated! Hans zimmer didn' t won the oscar again even after So much of hardwork! People are jealous of christopher nolan and his ideas but the truth is that he is the best director and will always be the best director! am a bigg bigg fan of you Mr stuckmann but this time i do not agree with your thoughts! This movie deserves atleast an A or A-",True,999,188,12,0,-1,-1,anger,1
@89lava,2017-09-29T23:55:06Z,0,You didint feel the hurt when he seen his daughter 90 years older than him on her death bed?? Your a fiend,BHsFzDON6pA,True,en,You didint feel the hurt when he seen his daughter 90 years older than him on her death bed?? Your a fiend,True,106,22,1,0,-1,-1,anger,-1
@nugeman7779,2022-10-29T17:56:11Z,1,"If there is a planet out there 57 light years away, and you could see Earth from there with an unbelievable telescope, you would see me starting the first grade learning to spell like Im doing now...................................",j3DuONZb3Ik,True,en,"If there is a planet out there 57 light years away, and you could see Earth from there with an unbelievable telescope, you would see me starting the first grade learning to spell like Instant Message doing now...................................",True,244,38,1,0,0,-1,joy,1
@paulneumann7739,2022-06-27T23:22:34Z,0,Humans will find the way to screw up the new planet rest assured.,j3DuONZb3Ik,True,en,Humans will find the way to screw up the new planet rest assured.,True,65,13,1,0,-1,1,anger,1
@CalJennings,2024-03-17T01:28:14Z,0,Now I need a video on what this video meant.,ASkz5prADQA,True,en,Now I need a video on what this video meant.,True,44,10,1,0,0,1,anticipation,0
@s0clicheofficial,2023-03-07T19:47:03Z,1,"dunno if it's been said, but ""LM-AO1"" probably stands for ""lazarus mission - astronaut operator 1""",zBNKrja8dyY,True,en,"I don't know if it is been said, but ""LM-AO1"" probably stands for ""lazarus mission - astronaut operator 1""",True,106,19,0,0,0,0,anticipation,0
@Nothingatall1984,2023-05-23T17:21:12Z,0,Brilliant analysis👏🏽👏🏽👏🏽,ASkz5prADQA,True,en,Brilliant analysis👏🏽👏🏽👏🏽,True,24,2,0,1,1,1,joy,1
@austinharding9734,2020-03-24T23:35:51Z,0,"This should be called The Ending of Interstellar debriefed, as theres not much explanation, but since there IS a little explaining, bout as much as anyone else would deduce, its not interstellar reviewed, its interstellar debriefed",j3DuONZb3Ik,True,en,"This should be called The Ending of Interstellar debriefed, as theres not much explanation, but since there IS a little explaining, about as much as anyone else would deduce, its not interstellar reviewed, its interstellar debriefed",True,232,36,0,0,0,0,anticipation,0
@wased5678,2021-04-20T18:09:00Z,1,"It's still non-sensical, if we were saved by our future selves, how did our future selves survive that long the first time if we werent there to help save ourselves from extinction in the first place.",j3DuONZb3Ik,True,en,"it is still non-sensical, if we were saved by our future selves, how did our future selves survive that long the first time if we werent there to help save ourselves from extinction in the first place.",True,201,37,1,0,-1,-1,disgust,1
@Beer_Dad1975,2017-09-11T04:29:31Z,6,"In recent years I have been struggling to understand the deep sense of grief I feel when confronted with nostalgia from my childhood. You summed it up perfectly here, it is my grief at the passing of time, a sense of loss.",t6kqaip7WS4,True,en,"In recent years I have been struggling to understand the deep sense of grief I feel when confronted with nostalgia from my childhood. You summed it up perfectly here, it is my grief at the passing of time, a sense of loss.",True,222,42,2,0,-1,1,sadness,-1
@ninzapou,2022-08-17T20:23:28Z,0,Even light can't escape from black hole and human survives diving into it. Lol,XiDFc5aIqFg,True,en,Even light cannot escape from black hole and human survives diving into it. laughing out loud,True,93,16,1,0,0,-1,joy,1
@karlostj4683,2025-10-23T01:43:44Z,0,"Wouldn't ""Miller's planet"" be in the same plane as the accretion disk around the black hole?",JqKa6qyVYgg,True,en,"would not ""Miller's planet"" be in the same plane as the accretion disk around the black hole?",True,93,17,1,0,0,-1,anticipation,0
@MarcosVinicius-wc1sc,2024-11-15T22:09:11Z,0,The whole movie,XiDFc5aIqFg,True,en,The whole movie,True,15,3,0,0,0,1,joy,0
@R1chyJ,2015-05-08T15:51:48Z,0,So there was literally always a point in time where Matt went into space and pushed books off a shelf? Like a never ending paradox of infinity,qhW1HfSuPVQ,True,en,So there was literally always a point in time where Matt went into space and pushed books off a shelf? Like a never ending paradox of infinity,True,142,27,1,0,0,-1,sadness,1
@TsunaTakahiro,2026-03-13T06:32:42Z,4,Random cuts in the video,JqKa6qyVYgg,True,en,Random cuts in the video,True,24,5,0,0,0,-1,disgust,-1
@Masterpsflood,2017-06-30T05:49:27Z,1,"This is in my top 10 favorite movies, but I can't muster up the emotional state to watch it a second time. It is emotionally exhausting in the best way",BHsFzDON6pA,True,en,"This is in my top 10 favorite movies, but I cannot muster up the themotional state to watch it a second time. It is themotionally exhausting in the best way",True,156,30,1,1,1,0,sadness,1
@skulluckid4390,2020-04-08T06:48:12Z,0,What a trip,j3DuONZb3Ik,True,en,What a trip,True,11,3,0,0,1,1,joy,0
@SaurabhYadavlucknowwaale,2020-08-15T16:19:50Z,0,i can die in peace on mars now,j3DuONZb3Ik,True,en,i can die in peace on mars now,True,30,8,0,1,0,1,sadness,-1
@KenJackson_US,2022-11-06T05:23:14Z,0,Any movie based on the basis of a climate emergency or a dying earth is barely tolerable.,j3DuONZb3Ik,True,en,Any movie based on the basis of a climate themergency or a dying earth is barely tolerable.,True,91,17,1,0,-1,-1,anger,0
@graxo3752,2020-03-27T19:12:41Z,0,Finally now I can actually understand the movie. Lol your video is 5 years late,j3DuONZb3Ik,True,en,Finally now I can actually understand the movie. laughing out loud your video is 5 years late,True,93,17,1,1,1,1,joy,1
@GilezDavidson,2022-10-23T14:55:49Z,0,Made perfect sense to me. 😀,XiDFc5aIqFg,True,ca,Made perfect sense to me. 😀,True,27,6,1,1,1,1,joy,1
@afronprime51,2023-05-18T12:04:21Z,0,"No, they misquote Murphy's Law. The law states if anything can go wrong it will go wrong. Not a good thing by anyone's definition.",ASkz5prADQA,True,en,"No, they misquote Murphy's Law. The law states if anything can go wrong it will go wrong. Not a good thing by anyone's definition.",True,130,24,3,0,-1,-1,anger,-1
@edwardhalpin7503,2026-04-07T04:30:03Z,0,I loved it from the start. I figured it was just as significant as 2001 A space Odyssey,9YBpOBIsZoc,True,en,I loved it from the start. I figured it was just as significant as 2001 A space Odyssey,True,87,18,1,1,1,1,joy,1
@American_Moscovite,2021-11-08T02:46:03Z,0,Great movie. It blew my mind,JqKa6qyVYgg,True,en,Great movie. It blew my mind,True,28,6,1,1,1,1,joy,1
@youknoweverything7643,2024-09-02T12:01:44Z,0,So for example if i count to 10 seconds on a extremely far away planet thst 10 seoncss would have been a million earth years for example but how could i still be alove since humans cant love past 100 gears naturally on average we love for 80 years on earth. So would i still be alove or dead jn the 15 seconds on that planet aince its really been a million years on earths time. Or would i still be alive and when i retirn to earth i would be a million years old and have loved a million years and travelled forward in time or would i just be dead in the 16 seconds on the planet im currently on millions of light uears away from warth so my lofe span went from 80 earth years or 80 years period to only being able to live for 16 seconds before i lass away from a natural cause,JqKa6qyVYgg,True,en,So for example if i count to 10 seconds on a extrthemely far away planet thst 10 seoncss would have been a million earth years for example but how could i still be alove since humans cant love past 100 gears naturally on average we love for 80 years on earth. So would i still be alove or dead jn the 15 seconds on that planet aince its really been a million years on earths time. Or would i still be alive and when i retirn to earth i would be a million years old and have loved a million years and travelled forward in time or would i just be dead in the 16 seconds on the planet Instant Message currently on millions of light uears away from warth so my lofe span went from 80 earth years or 80 years period to only being able to live for 16 seconds before i lass away from a natural cause,True,792,160,2,0,0,-1,joy,1
@lukassabo7859,2023-05-23T10:37:53Z,1,"God i wanted to tear up just watching this video😭❤️, such an impactful film for me",QBSw8nSVpmI,True,en,"God i wanted to tear up just watching this video😭❤️, such an impactful film for me",True,82,16,0,1,1,1,joy,-1
@marschiee,2024-12-21T13:02:26Z,0,Too bad these guys probably can't answer what a woman is lol,4f9V-8BHONo,True,en,Too bad these guys probably cannot answer what a woman is laughing out loud,True,75,14,0,0,-1,-1,disgust,-1
@rewardsoverwater7821,2023-02-05T21:04:41Z,0,Then do the math on mass of 24 hours equals 1000 years so there's a reference of the amount of damage when GOD shows up.,JqKa6qyVYgg,True,en,Then do the math on mass of 24 hours equals 1000 years so there is a reference of the amount of damage when GOD shows up.,True,121,26,1,0,0,1,optimism,-1
@Poorgamer-z3q,2020-08-16T18:13:05Z,1,Hans fucking Zimmer,t6kqaip7WS4,True,en,Hans fucking Zimmer,True,19,3,0,0,-1,-1,anger,0
@noTa_gamin,2024-02-15T18:50:51Z,0,ithint explanation 2030 ill kanunna njan😢,dMl_GhbcP0c,True,en,ithint explanation 2030 ill kanunna njan😢,True,41,6,0,0,-1,-1,sadness,-1
@TTURocketDoc,2024-05-23T02:17:16Z,13,"I actually noticed that they sold the corn after filming, i know profitable corn that's planted specifically for movies when i see it 😆",IIo5Uo-gxJI,True,en,"I actually noticed that they sold the corn after filming, i know profitable corn that is planted specifically for movies when i see it 😆",True,136,25,0,1,0,-1,joy,1
@StsFiveOneLima,2025-12-23T08:02:10Z,1,"""The Dust Bowl"" segments were immediately glaring to me. As a Ken Burns lover, I recognized them immediately. I did not, though, find them out of place in this film. Rather, I found them insightful.",iWrFVvEgFYI,True,en,"""The Dust Bowl"" segments were immediately glaring to me. As a Ken Burns lover, I recognized ththem immediately. I did not, though, find ththem out of place in this film. Rather, I found ththem insightful.",True,204,35,4,1,1,0,joy,1
@robertpenn4387,2024-12-16T23:26:10Z,0,"As a numismatist, I couldn’t help but cringe when Niel picked up the medal like it was a paperweight. Aside from being a priceless piece of history, these things can go for over $100K on the market—definitely not your average pocket change!",4f9V-8BHONo,True,en,"As a numismatist, I couldn’t help but cringe when Niel picked up the medal like it was a paperweight. Aside from being a priceless piece of history, these things can go for over $100K on the market—definitely not your average pocket change!",True,240,42,2,0,-1,-1,disgust,1
@sabarinadh1130,2019-06-18T13:52:21Z,15,The prestige koode Onnu explain pls,qOngRXgUTN4,True,en,The prestige koode Onnu explain please,True,38,6,0,0,0,0,disgust,1
@RJ67.,2021-04-05T14:46:53Z,0,Space is not what you think it is.,j3DuONZb3Ik,True,en,Space is not what you think it is.,True,34,8,1,0,0,-1,anticipation,0
@gazfish,2023-05-22T15:17:36Z,0,All that brain power applied to leaving the planet rather than fixing it !,j3DuONZb3Ik,True,en,All that brain power applied to leaving the planet rather than fixing it !,True,74,14,1,0,-1,1,disgust,0
@emoneyg33,2020-09-25T14:39:39Z,0,Eh....,kcVdY-PKHdk,True,st,Eh....,True,6,1,1,0,0,0,sadness,0
@joshbenjamin1100,2024-07-30T04:26:10Z,0,This is the best deep analysis of Interstellar that I've seen yet. Glad I found your channel!,ASkz5prADQA,True,en,This is the best deep analysis of Interstellar that I have seen yet. Glad I found your channel!,True,95,18,2,1,1,1,joy,1
@pregam68,2015-03-19T22:01:33Z,7,If you think about this movie you got a few question that needs to be solved - how can the humans create the tessaract when they are saved by Cooper and lived way before them classic paradox,R1cexcjdyIE,True,en,If you think about this movie you got a few question that needs to be solved - how can the humans create the tessaract when they are saved by Cooper and lived way before ththem classic paradox,True,192,37,0,0,0,0,anticipation,1
@LeonLindProductions,2014-11-05T17:12:54Z,0,"too bad everybody is saying thos movie is worse than most of Nolans films, probably the best concept.",BHsFzDON6pA,True,en,"too bad everybody is saying thos movie is worse than most of Nolans films, probably the best concept.",True,101,18,1,0,-1,-1,disgust,-1
@ramnik931,2024-08-13T16:27:32Z,0,"But can a planet be that close to a black hole that big? Also, no Star around that planet?",CQpTKQloHuI,True,en,"But can a planet be that close to a black hole that big? Also, no Star around that planet?",True,90,19,2,0,-1,0,anticipation,-1
@EDToasty,2017-08-27T06:53:04Z,1,"Fantastic video. If you like this style of videos, NerdWriter1 is essential!",t6kqaip7WS4,True,en,"Fantastic video. If you like this style of videos, NerdWriter1 is essential!",True,76,12,2,1,1,1,joy,1
@badkatz_yt,2020-06-08T06:49:08Z,0,Still deserved to win the Oscar imo,j3DuONZb3Ik,True,en,Still deserved to win the Oscar in my opinion,True,45,9,0,1,1,1,optimism,1
@karthikhari7169,2019-12-29T17:57:29Z,0,Awesome explanation ✨🔥,4-6zBotsi-s,True,en,Awesome explanation ✨🔥,True,22,3,0,1,1,1,joy,1
@johnturner8286,2022-12-30T10:11:05Z,0,"1:33 yes, but time dilation in this movie is strictly sophomoric humbug. It would actually require paying a vast amount of kinetic energy to arrive at and escape from a highly time-dilated place like the water planet, several times your own rest-mass energy equivalent, and paid in just moments according to the film. Coming back up from the planet would cost a 25-ton vehicle something like 2,246,887,946,842,044,000,000 Joules (its mass-energy equivalent) times the 'gamma' (γ) or dilation factor. Hundred to one dilation? A hundred times the vehicle's own mass in energy. Which it can't possibly carry in with it as chemical rocket fuel as portrayed in the film.",zBNKrja8dyY,True,en,"yes, but time dilation in this movie is strictly sophomoric humbug. It would actually require paying a vast amount of kinetic energy to arrive at and escape from a highly time-dilated place like the water planet, several times your own rest-mass energy equivalent, and paid in just moments according to the film. Coming back up from the planet would cost a 25-ton vehicle something like 2,246,887,946,842,044,000,000 Joules (its mass-energy equivalent) times the 'gamma' (γ) or dilation factor. Hundred to one dilation? A hundred times the vehicle's own mass in energy. Which it cannot possibly carry in with it as chthemical rocket fuel as portrayed in the film.",True,663,107,6,0,-1,-1,anticipation,1
@robertoprofeta9231,2024-12-11T14:58:08Z,0,This is the best analysis I have ever seen for a movie!,ASkz5prADQA,True,en,This is the best analysis I have ever seen for a movie!,True,55,12,1,1,1,1,joy,1
@stevefrommars,2020-01-25T21:16:41Z,0,"this movie is my absolute favorite, complete masterpiece",kcVdY-PKHdk,True,en,"this movie is my absolute favorite, complete masterpiece",True,56,8,0,1,1,1,joy,1
@its_thansil9085,2020-03-02T21:14:02Z,0,I don't spend my time for any movies for a second time watch.... But Interstellar make me do it.. Its an remarkable film with all excellent elements,BHsFzDON6pA,True,en,I do not spend my time for any movies for a second time watch.... But Interstellar make me do it.. Its an rthemarkable film with all excellent elthements,True,153,28,2,1,1,1,joy,1
@aravindkumarp6100,2019-12-29T09:59:41Z,0,Cooper escaping scene ippadhan purinjidhu ji sema!!!,4-6zBotsi-s,True,sn,"I just understood the Cooper escaping scene, that’s amazing!!!",True,62,9,1,1,1,1,joy,1
@christophercomtois7175,2023-04-13T13:47:39Z,0,The tars theory is blowing my mind. I love this movie and that would just be a cherry on top of what is an amazingly cool movie.,ASkz5prADQA,True,en,The tars theory is blowing my mind. I love this movie and that would just be a cherry on top of what is an amazingly cool movie.,True,128,27,2,1,1,1,joy,1
@lukecoffey4921,2024-11-15T08:38:18Z,0,"The entire movie was unbelievable and made no sense . I stopped enjoying the movie the second they kept him and the robot alive in a black hole . Plus the stupidity of humans from the future creating the wormhole. You can't change history from the future to bring humanity to the future, that's a paradox that's impossible to get around.",j3DuONZb3Ik,True,en,"The entire movie was unbelievable and made no sense . I stopped enjoying the movie the second they kept him and the robot alive in a black hole . Plus the stupidity of humans from the future creating the wormhole. You cannot change history from the future to bring humanity to the future, that is a paradox that is impossible to get around.",True,340,63,4,0,-1,-1,disgust,1
@thomaswilliams6697,2015-05-02T04:15:22Z,0,The waves in surf's up were freaking huge lol,qhW1HfSuPVQ,True,en,The waves in surf's up were freaking huge laughing out loud,True,59,11,0,1,1,-1,joy,1
@christievthomas3531,2022-11-21T18:33:13Z,1,@0:40 Its KIP THORNE.... bhai👍,dMl_GhbcP0c,True,en,@ Its KIP THORNE.... bhai👍,True,26,5,1,1,0,1,joy,0
@Vinayak4d,2026-03-05T18:36:29Z,0,Okay I'll watch it again 😂,IIo5Uo-gxJI,True,en,Okay I will watch it again 😂,True,28,7,0,1,1,0,joy,1
@email16v,2021-12-03T21:05:28Z,2,I like the movie more for the father/daughter love the had for each other. The sci-fi part was more a guy thing but many parts had me scratching my head.,JqKa6qyVYgg,True,en,I like the movie more for the father/daughter love the had for each other. The sci-fi part was more a guy thing but many parts had me scratching my head.,True,153,30,2,1,1,0,joy,1
@Danidanivugs,2017-09-02T13:17:53Z,0,Who is this actor?,R1cexcjdyIE,True,en,Who is this actor?,True,18,4,1,0,0,-1,anticipation,0
@fishfoolishness4222,2025-12-23T00:56:27Z,0,"Watched this movie a few weeks ago. Entertaining but way too many unanswered questions throughout. And no, I'm not an idiot watching a ""smart persons only"" movie which seems to be what this reviewer is implying. The last 1/3 of the movie is just ridiculous.",iWrFVvEgFYI,True,en,"Watched this movie a few weeks ago. Entertaining but way too many unanswered questions throughout. And no, I am not an idiot watching a ""smart persons only"" movie which sethems to be what this reviewer is implying. The last 1/3 of the movie is just ridiculous.",True,260,46,4,0,-1,-1,joy,1
@edmundloberano1598,2021-06-18T12:06:31Z,0,Ey yo my name is there edmunds planet,I1AXx1XmQrc,True,en,hey year old my name is there edmunds planet,True,44,9,0,0,0,1,joy,0
@Cyba_IT,2018-11-10T15:23:20Z,0,It annoyed me that they didn't blow out and spark the engines straight away on the mountain(water) planet when time was going so fast (relatively). They only started the engines when the second wave came.,BHsFzDON6pA,True,en,It annoyed me that they did not blow out and spark the engines straight away on the mountain(water) planet when time was going so fast (relatively). They only started the engines when the second wave came.,True,205,36,2,0,-1,-1,anger,1
@paulinadeluca9117,2019-02-06T01:55:09Z,0,This movie was the best movie I've ever seen. Only if it a lot longer. Maybe a show instead of a movie . I didn't want it to end!,kcVdY-PKHdk,True,en,This movie was the best movie I have ever seen. Only if it a lot longer. Maybe a show instead of a movie . I did not want it to end!,True,132,31,4,1,1,1,joy,1
@HR-yd5ib,2022-05-10T15:53:02Z,0,"Suppose the astronaut near the BH fires a photon, waits 1 sec. and then fires another photon. What happens to these photons that make them arrive at the destination more than one second apart?",JqKa6qyVYgg,True,en,"Suppose the astronaut near the bloody hell fires a photon, waits 1 second. and then fires another photon. What happens to these photons that make ththem arrive at the destination more than one second apart?",True,206,35,3,0,-1,-1,anger,-1
@DMSJagXK,2021-12-07T03:59:12Z,10,"Time is slowed down by an increase in gravity and an increase in velocity. Time runs more slowly on the ISS because although the gravity is less, the space station is actually moving at a very high velocity relative to Earth so the velocity of the ISS is more significant than the decrease in gravity.",JqKa6qyVYgg,True,en,"Time is slowed down by an increase in gravity and an increase in velocity. Time runs more slowly on the im so sorry because although the gravity is less, the space station is actually moving at a very high velocity relative to Earth so the velocity of the im so sorry is more significant than the decrease in gravity.",True,317,59,2,0,0,-1,sadness,1
@smanzoli,2024-09-23T01:37:44Z,0,"The time dilation proposed in the movie is a non-practical nonsense poor physics. They should be like lesser than an inch from the event horizon. Not stable, not practical.",JZ9qjB2PVuE,True,en,"The time dilation proposed in the movie is a non-practical nonsense poor physics. They should be like lesser than an inch from the event horizon. Not stable, not practical.",True,172,29,3,0,-1,-1,disgust,-1
@ozgurinsan,2024-12-07T19:24:42Z,0,time dilation was bs,4f9V-8BHONo,True,en,time dilation was bullshit,True,26,4,0,0,-1,-1,anger,-1
@StefanWilhelms316,2020-02-17T12:49:41Z,0,This is the best movie ever made. Can´t believe you gave him a B. Go home man.,BHsFzDON6pA,True,en,This is the best movie ever made. Can´t believe you gave him a B. Go home man.,True,78,17,3,1,1,1,joy,1
@JaedenRuiner,2020-10-18T19:50:18Z,0,Correct: Dropping TARS and Cooper's shuttles reduces MASS not WEIGHT.,j3DuONZb3Ik,True,en,Correct: Dropping TARS and Cooper's shuttles reduces MASS not WEIGHT.,True,69,10,1,0,0,0,disgust,0
@garonkitchenfilmz3538,2024-11-20T07:04:53Z,0,"Hey don't diss on lord of the rings like that. It's messages are just as, if not more powerful than interstellar. They're both great films for similar reasons",Et9cKWWZ0LM,True,en,"Hey do not diss on lord of the rings like that. it is messages are just as, if not more powerful than interstellar. they are both great films for similar reasons",True,161,31,2,1,1,1,joy,1
@Rythminflow,2025-03-27T15:38:26Z,79,Amazing! I've got no words to explain how beautifully this video described the ending of Interstellar! Apni dharti ko pehle jaise karle yahi badi achievement hogi hamare liye. Gravitation aur time manipulate karne ke liye iss civilization ko agle 100000 saal aur exist karna padega.,NC78S8jNy4g,True,en,Amazing! I have got no words to explain how beautifully this video described the ending of Interstellar! Apni dharti knock out pehle jaise karle yahi badi achievthement hogi hamare liye. Gravitation aur time manipulate karne ke liye im so sorry civilization knock out agle 100000 saal aur exist karna padega.,True,308,50,4,1,0,1,joy,1
@jordyboy321,2020-07-26T07:56:48Z,0,"There were only 2 things that I didnt like. The low level acting and the juvenile script. I loved the story, visuals and soundtrack.",BHsFzDON6pA,True,en,"There were only 2 things that I didnt like. The low level acting and the juvenile script. I loved the story, visuals and soundtrack.",True,132,24,3,1,1,-1,joy,1
@gobindadas9105,2020-02-15T03:19:08Z,0,8:33 So main reveal of the movie is a plot hole?,kcVdY-PKHdk,True,en,So main reveal of the movie is a plot hole?,True,43,10,1,0,-1,-1,anticipation,0
@KojiKazama,2023-05-16T19:53:22Z,0,"This is my favorite movie ever, and I still didn't catch some of the things you mentioned. Thank you. Gonna watch it again.",ASkz5prADQA,True,en,"This is my favorite movie ever, and I still did not catch some of the things you mentioned. Thank you. going to watch it again.",True,127,25,3,1,1,1,joy,1
@biancanim1101,2024-08-04T02:10:57Z,0,SOOOOOO GOOOOOOD!!!!!!!,ASkz5prADQA,True,bs,SOOOOOO GOOOOOOD!!!!!!!,True,23,2,1,1,1,-1,joy,0
@stagna1959,2023-11-14T11:56:32Z,0,"So instead of fixing whatever was wrong with crops,they decided that to leave the planet was solution ? We had various plant diseases during whole history of agriculture and people always fixed it . For example vulnerable pototo kinds were replaced by others more resistatnt to bacteria and fungus . Irish potato famine because of blight was 170 years ago and we still eat lot of potatoes in 2023 ! Just different kind of potatoes, from different sources. Plant breeding is not some mysterious voodoo sorcery, it is real thing. We still have the best planet humans can find right here. We have plenty of fresh water, 21 % oxygen in air, no poisonous gases in athmosfere, we have soil, we have good for humans temperatures on surface of most of the planet ( average is +14 C and even if it is going to be 15 or 16, it is still very good for life !) , millions of species of life in water, fish, plancton. Oceans , seas, rivers and lakes are full of living creatures, most of them are perfectly good for food. We have 30 millions species of insects. We have 200 million insects for every human being and some morons claim we dont have enough food on this planet, we have to leave ?! Cant take seriously movie which premise is so stupid. It is like Mars Attacks ! I get that some scenes are funny, some sad like old daughter is dying when his daddy is still 40 y.o. , but cmon, even Hollywood can do better than that.",QBSw8nSVpmI,True,en,"So instead of fixing whatever was wrong with crops,they decided that to leave the planet was solution ? We had various plant diseases during whole history of agriculture and people always fixed it . For example vulnerable pototo kinds were replaced by others more resistatnt to bacteria and fungus . Irish potato famine because of blight was 170 years ago and we still eat lot of potatoes in 2023 ! Just different kind of potatoes, from different sources. Plant breeding is not some mysterious voodoo sorcery, it is real thing. We still have the best planet humans can find right here. We have plenty of fresh water, 21 % oxygen in air, no poisonous gases in athmosfere, we have soil, we have good for humans tthemperatures on surface of most of the planet ( average is +14 see and even if it is going to be 15 or 16, it is still very good for life !) , millions of species of life in water, fish, plancton. Oceans , seas, rivers and lakes are full of living creatures, most of ththem are perfectly good for food. We have 30 millions species of insects. We have 200 million insects for every human being and some morons claim we don't have enough food on this planet, we have to leave ?! Cant take seriously movie which prthemise is so stupid. It is like Mars Attacks ! I get that some scenes are funny, some sad like old daughter is dying when his daddy is still 40 why.Oh. , but Come on, even Hollywood can do better than that.",True,1429,266,17,0,0,-1,optimism,1
@223Drone,2014-11-30T08:01:42Z,0,"Defiantly a great film, but there were moments in the film that should have been cut out.",BHsFzDON6pA,True,en,"Defiantly a great film, but there were moments in the film that should have been cut out.",True,89,17,1,1,1,0,disgust,0
@keagle187,2026-02-08T15:55:27Z,5,"I like Brand's speech and the general messaging of the movie. But the movie does have glaring plot contrivances. The obvious one is that after calculating the time dilation, they decide that going to the planet closest to the black hole would be a good idea. They do all the math to calculate that Miller only landed minutes ago, only to blindly trust every datapoint coming from there.",9YBpOBIsZoc,True,en,"I like Brand's speech and the general messaging of the movie. But the movie does have glaring plot contrivances. The obvious one is that after calculating the time dilation, they decide that going to the planet closest to the black hole would be a good idea. They do all the math to calculate that Miller only landed minutes ago, only to blindly trust every datapoint coming from there.",True,386,68,4,0,0,0,anticipation,1
@vids290,2024-09-25T19:47:14Z,2,"I was growing magic mushrooms and travelling to the furthest regions of my mind when i came across interstellar. The insights and information i was bringing back felt so important but having a daughter under 5 and another baby daughter watching the film scared the hell out of me. I made a decision to stop travelling and stay grounded with my wife and daughters, that was about 7 years ago but i definitely made the right choice. What scared me the most was goin too far and missing my daughter's lives, the scene where Murph is on her death bed haunted me...turned out to be a really important movie in my life and will probably always hold a special place in my heart.",Et9cKWWZ0LM,True,en,"I was growing magic mushrooms and travelling to the furthest regions of my mind when i came across interstellar. The insights and information i was bringing back felt so important but having a daughter under 5 and another baby daughter watching the film scared the hell out of me. I made a decision to stop travelling and stay grounded with my wife and daughters, that was about 7 years ago but i definitely made the right choice. What scared me the most was going too far and missing my daughter's lives, the scene where Murph is on her death bed haunted me...turned out to be a really important movie in my life and will probably always hold a special place in my heart.",True,672,123,5,0,0,1,fear,-1
@Lunch0guy,2026-02-10T04:03:28Z,74,"""The path only forms after we have walked it"" is a great phrase. I will definitely be using it!",9YBpOBIsZoc,True,en,"""The path only forms after we have walked it"" is a great phrase. I will definitely be using it!",True,95,19,2,1,1,1,optimism,1
@petesenn1367,2015-08-27T15:56:42Z,0,"So why wouldn't the future humans have place the wormhole much closer to the Earth instead of making it at the far reaches of our solar system? And the one thing I don't understand is why would Cooper once in the fifth dimension of the black hole why would he ""AGAIN"" give the coordinates to the NASA hidden facility if he never wanted to go there in the first place? And if he already knew giving the code for the word ""STAY"" did not work the first time why would he then do it again? I just don't get it",qhW1HfSuPVQ,True,en,"So why would not the future humans have place the wormhole much closer to the Earth instead of making it at the far reaches of our solar systthem? And the one thing I do not understand is why would Cooper once in the fifth dimension of the black hole why would he ""AGAIN"" give the coordinates to the NASA hidden facility if he never wanted to go there in the first place? And if he already knew giving the code for the word ""STAY"" did not work the first time why would he then do it again? I just do not get it",True,510,103,3,0,-1,-1,disgust,1
@horizon92lee,2025-01-14T02:20:48Z,0,Great analysis,2mUSh5N-gIY,True,en,Great analysis,True,14,2,0,1,1,1,joy,1
@muruganpassion9943,2024-11-23T15:16:42Z,0,ரகசியங்கள் முழுமையாக தெரிய bramhakumari பாருங்கள்,4-6zBotsi-s,True,ta,You can fully understand the secrets by watching Brahma Kumari.,True,63,10,1,0,0,1,optimism,0
@АлександърВасилев-ч3р,2023-01-29T09:34:32Z,0,"i am the person who did, while high",zBNKrja8dyY,True,en,"i am the person who did, while high",True,35,8,0,0,0,1,anticipation,0
@wicky4473,2023-05-01T17:59:28Z,0,Brilliant deep dive. Thank you so much.,ASkz5prADQA,True,en,Brilliant deep dive. Thank you so much.,True,39,7,2,1,1,1,joy,1
@oc2phish07,2025-03-24T04:05:41Z,0,"You are wrong in the reason you gave for Murphy burning a part of the field. It was so she could get Tom's wife and son to the NASA facility for medical treatment, NOT to persuade Tom to go there.",j3DuONZb3Ik,True,en,"You are wrong in the reason you gave for Murphy burning a part of the field. It was so she could get Tom's wife and son to the NASA facility for medical treatment, NOT to persuade Tom to go there.",True,196,40,2,0,-1,-1,anger,-1
@frustrato2802,2019-09-20T20:40:34Z,0,This video helped me a deeper understanding of the movie and time,t6kqaip7WS4,True,en,This video helped me a deeper understanding of the movie and time,True,65,12,0,1,1,1,joy,0
@tylerwickwire1522,2020-03-07T18:36:58Z,0,But how did the humans in the future get there because in the present (beginning of the movie) before the future humans existed someone would've had to make that wormhole and the future couldn't happen since the present or past humans didn't create the wormhole to save themselves. Future humans cant be without the past humans building the wormhole to give access to the present humans to be saved? If you understand my question and see where I'm coming from please help me out.,j3DuONZb3Ik,True,en,But how did the humans in the future get there because in the present (beginning of the movie) before the future humans existed someone would have had to make that wormhole and the future could not happen since the present or past humans did not create the wormhole to save ththemselves. Future humans cant be without the past humans building the wormhole to give access to the present humans to be saved? If you understand my question and see where I am coming from please help me out.,True,486,88,3,0,0,0,anticipation,1
@richardtargett4603,2020-10-10T19:33:59Z,0,Someone,j3DuONZb3Ik,True,en,Someone,True,7,1,0,0,0,-1,disgust,0
@LeeGinSing,2020-03-05T17:18:33Z,9,Before the video: who needed this movie explained?! I totally understood it! After the Video: Ooooooooh. Okay I missed a lot of that.,j3DuONZb3Ik,True,en,Before the video: who needed this movie explained?! I totally understood it! After the Video: Ooooooooh. Okay I missed a lot of that.,True,133,23,4,1,1,0,joy,-1
@GullyCricketPlus,2025-03-23T19:36:48Z,19,"""Antahhh!! Asti Prarambh!!"" Goosebumps 👹",NC78S8jNy4g,True,id,"""Antahhh!! Asti Prarambh!!"" Goosebumps 👹",True,40,5,2,1,1,-1,joy,0
@Kolangotz69,2021-08-20T13:57:53Z,1,Me watching and getting serious about it.. Then pizza Ad came up... Goes Space Mukbang Marathon😂,JqKa6qyVYgg,True,en,Me watching and getting serious about it.. Then pizza Ad came up... Goes Space Mukbang Marathon😂,True,96,16,2,0,0,-1,joy,1
@funkymonkey610,2019-12-02T02:40:08Z,1,When is the second movie coming out?,kcVdY-PKHdk,True,en,When is the second movie coming out?,True,36,7,1,0,0,-1,anticipation,0
@stephendasher8991,2024-09-10T23:00:03Z,0,Who else feels.like they shouldnt be in the comments? Just me?,JZ9qjB2PVuE,True,en,Who else feels.like they shouldnt be in the comments? Just me?,True,62,11,3,0,-1,-1,disgust,0
@zederik3931,2021-08-19T23:14:20Z,1,"So this is what they mean by time is an illusion. Not any psychology stuff just start up time is an illusion, it changes to where you are and can never really be the same for anyone.",JqKa6qyVYgg,True,en,"So this is what they mean by time is an illusion. Not any psychology stuff just start up time is an illusion, it changes to where you are and can never really be the same for anyone.",True,182,37,2,0,0,0,optimism,0
@djc1234,2022-11-19T18:57:20Z,0,"Yippee-- that's another reason/excuse I can give for not helping the Missus clean the dust: 'what if my dad(R.I.P.) is trying to communicate with me"".",j3DuONZb3Ik,True,en,"Yippee-- that is another reason/excuse I can give for not helping the Missus clean the dust: 'what if my dad(are.I.P.) is trying to communicate with me"".",True,153,26,4,0,-1,-1,joy,1
@kron22,2018-08-26T21:43:48Z,8,"This video is incredible. It makes me appreciate interstellar so much more than I ever did (and I definitely liked it before), and gives you an instant subscribe from me. I hope all your other videos have this much quality!",t6kqaip7WS4,True,en,"This video is incredible. It makes me appreciate interstellar so much more than I ever did (and I definitely liked it before), and gives you an instant subscribe from me. I hope all your other videos have this much quality!",True,223,40,3,1,1,1,joy,1
